UID,iso2,iso3,code3,FIPS,Admin2,Province_State,Country_Region,Lat,Long_,Combined_Key,Date,Vaccine_Type,Doses_Admin,Doses_Admin_Rate
4,AF,AFG,4,,,,Afghanistan,33.93911,67.709953,Afghanistan,2021-12-31,All,5228706,13431
8,AL,ALB,8,,,,Albania,41.1533,20.1683,Albania,2021-12-31,All,2316606,80499
12,DZ,DZA,12,,,,Algeria,28.0339,1.6596,Algeria,2021-12-31,All,12545356,28609
20,AD,AND,20,,,,Andorra,42.5063,1.5218,Andorra,2021-12-31,All,115709,149756
24,AO,AGO,24,,,,Angola,-11.2027,17.8739,Angola,2021-12-31,All,11164918,33970
28,AG,ATG,28,,,,Antigua and Barbuda,17.0608,-61.7964,Antigua and Barbuda,2021-12-31,All,120786,123341
32,AR,ARG,32,,,,Argentina,-38.4161,-63.6167,Argentina,2021-12-31,All,76121731,168426
3201,AR,ARG,32,,,Autonomous City of Buenos Aires,Argentina,-34.6037,-58.3816,"Autonomous City of Buenos Aires, Argentina",2021-12-31,All,6004405,197248
3202,AR,ARG,32,,,Buenos Aires,Argentina,-37.2017,-59.8411,"Buenos Aires, Argentina",2021-12-31,All,29505184,181128
3203,AR,ARG,32,,,Catamarca,Argentina,-27.0764,-66.9988,"Catamarca, Argentina",2021-12-31,All,746292,191722
3204,AR,ARG,32,,,Chaco,Argentina,-26.5858,-60.95399999999999,"Chaco, Argentina",2021-12-31,All,1654149,147962
3205,AR,ARG,32,,,Chubut,Argentina,-43.6846,-69.2746,"Chubut, Argentina",2021-12-31,All,883597,161932
3207,AR,ARG,32,,,Cordoba,Argentina,-32.2968,-63.5806,"Cordoba, Argentina",2021-12-31,All,6514285,186673
3206,AR,ARG,32,,,Corrientes,Argentina,-28.5842,-58.0072,"Corrientes, Argentina",2021-12-31,All,1666374,158804
3208,AR,ARG,32,,,Entre Rios,Argentina,-32.5176,-59.1042,"Entre Rios, Argentina",2021-12-31,All,2194719,169460
3209,AR,ARG,32,,,Formosa,Argentina,-25.3946,-58.7374,"Formosa, Argentina",2021-12-31,All,1291445,227234
3210,AR,ARG,32,,,Jujuy,Argentina,-22.6633,-66.2367,"Jujuy, Argentina",2021-12-31,All,1205369,169741
3211,AR,ARG,32,,,La Pampa,Argentina,-37.8957,-65.0958,"La Pampa, Argentina",2021-12-31,All,716382,212761
3212,AR,ARG,32,,,La Rioja,Argentina,-29.9002,-66.9988,"La Rioja, Argentina",2021-12-31,All,714695,199905
3213,AR,ARG,32,,,Mendoza,Argentina,-32.8895,-68.8458,"Mendoza, Argentina",2021-12-31,All,3094704,168024
3214,AR,ARG,32,,,Misiones,Argentina,-26.9377,-54.4342,"Misiones, Argentina",2021-12-31,All,1592131,137318
3215,AR,ARG,32,,,Neuquen,Argentina,-38.8234,-69.6691,"Neuquen, Argentina",2021-12-31,All,1074121,178721
3216,AR,ARG,32,,,Rio Negro,Argentina,-40.7344,-66.6176,"Rio Negro, Argentina",2021-12-31,All,1325183,195225
3217,AR,ARG,32,,,Salta,Argentina,-24.7821,-65.4232,"Salta, Argentina",2021-12-31,All,1970353,152039
3218,AR,ARG,32,,,San Juan,Argentina,-30.8725,-68.5247,"San Juan, Argentina",2021-12-31,All,1314996,182175
3219,AR,ARG,32,,,San Luis,Argentina,-33.8769,-66.2367,"San Luis, Argentina",2021-12-31,All,939756,202791
3220,AR,ARG,32,,,Santa Cruz,Argentina,-48.7737,-69.1917,"Santa Cruz, Argentina",2021-12-31,All,568155,187869
3221,AR,ARG,32,,,Santa Fe,Argentina,-30.2442,-60.5821,"Santa Fe, Argentina",2021-12-31,All,6259944,187354
3222,AR,ARG,32,,,Santiago del Estero,Argentina,-28.1866,-63.5806,"Santiago del Estero, Argentina",2021-12-31,All,1817199,200073
3223,AR,ARG,32,,,Tierra del Fuego,Argentina,-54.3084,-67.7452,"Tierra del Fuego, Argentina",2021-12-31,All,313525,217745
3224,AR,ARG,32,,,Tucuman,Argentina,-26.9468,-65.2857,"Tucuman, Argentina",2021-12-31,All,2754768,177559
51,AM,ARM,51,,,,Armenia,40.0691,45.0382,Armenia,2021-12-31,All,1626738,54897
36,AU,AUS,36,,,,Australia,-25.0,133.0,Australia,2021-12-31,All,42438427,166688
3601,AU,AUS,36,,,Australian Capital Territory,Australia,-35.4735,149.0124,"Australian Capital Territory, Australia",2021-12-31,All,1036926,242215
3602,AU,AUS,36,,,New South Wales,Australia,-33.8688,151.2093,"New South Wales, Australia",2021-12-31,All,13661721,168289
3603,AU,AUS,36,,,Northern Territory,Australia,-12.4634,130.8456,"Northern Territory, Australia",2021-12-31,All,419271,170712
3604,AU,AUS,36,,,Queensland,Australia,-27.4698,153.0251,"Queensland, Australia",2021-12-31,All,8183024,159965
3605,AU,AUS,36,,,South Australia,Australia,-34.9285,138.6007,"South Australia, Australia",2021-12-31,All,2859105,162772
3606,AU,AUS,36,,,Tasmania,Australia,-42.8821,147.3272,"Tasmania, Australia",2021-12-31,All,934023,174420
3609,AU,AUS,36,,,Unknown,Australia,,,"Unknown, Australia",2021-12-31,All,0,0
3607,AU,AUS,36,,,Victoria,Australia,-37.8136,144.9631,"Victoria, Australia",2021-12-31,All,11281728,170164
3608,AU,AUS,36,,,Western Australia,Australia,-31.9505,115.8605,"Western Australia, Australia",2021-12-31,All,4062629,154437
40,AT,AUT,40,,,,Austria,47.5162,14.5501,Austria,2021-12-31,All,16379495,181865
31,AZ,AZE,31,,,,Azerbaijan,40.1431,47.5769,Azerbaijan,2021-12-31,All,11286004,111310
44,BS,BHS,44,,,,Bahamas,25.025885,-78.035889,Bahamas,2021-12-31,All,300214,76342
48,BH,BHR,48,,,,Bahrain,26.0275,50.55,Bahrain,2021-12-31,All,3221556,189327
50,BD,BGD,50,,,,Bangladesh,23.685,90.3563,Bangladesh,2021-12-31,All,124352979,75507
5001,BD,BGD,50,,,Barisal,Bangladesh,22.701,90.3535,"Barisal, Bangladesh",2021-12-31,All,7124255,85569
5002,BD,BGD,50,,,Chittagong,Bangladesh,22.3569,91.7832,"Chittagong, Bangladesh",2021-12-31,All,23014275,78964
5003,BD,BGD,50,,,Dhaka,Bangladesh,23.8103,90.4125,"Dhaka, Bangladesh",2021-12-31,All,33943241,93164
5004,BD,BGD,50,,,Khulna,Bangladesh,22.8456,89.5403,"Khulna, Bangladesh",2021-12-31,All,15161194,96643
5005,BD,BGD,50,,,Mymensingh,Bangladesh,24.7471,90.4203,"Mymensingh, Bangladesh",2021-12-31,All,8604841,75680
5006,BD,BGD,50,,,Rajshahi,Bangladesh,23.685,90.3563,"Rajshahi, Bangladesh",2021-12-31,All,15843760,85707
5007,BD,BGD,50,,,Rangpur,Bangladesh,24.3745,88.6042,"Rangpur, Bangladesh",2021-12-31,All,13391375,84821
5008,BD,BGD,50,,,Sylhet,Bangladesh,24.8949,91.8687,"Sylhet, Bangladesh",2021-12-31,All,7270038,74131
5009,BD,BGD,50,,,Unknown,Bangladesh,,,"Unknown, Bangladesh",2021-12-31,All,0,0
52,BB,BRB,52,,,,Barbados,13.1939,-59.5432,Barbados,2021-12-31,All,298361,103824
112,BY,BLR,112,,,,Belarus,53.7098,27.9534,Belarus,2021-12-31,All,7708200,81574
56,BE,BEL,56,,,,Belgium,50.8333,4.469936,Belgium,2021-12-31,All,21539221,185849
84,BZ,BLZ,84,,,,Belize,17.1899,-88.4976,Belize,2021-12-31,All,424634,106793
204,BJ,BEN,204,,,,Benin,9.3077,2.3158,Benin,2021-12-31,All,1773592,14629
64,BT,BTN,64,,,,Bhutan,27.5142,90.4336,Bhutan,2021-12-31,All,1154843,149666
68,BO,BOL,68,,,,Bolivia,-16.2902,-63.5887,Bolivia,2021-12-31,All,9571859,81999
70,BA,BIH,70,,,,Bosnia and Herzegovina,43.9159,17.6791,Bosnia and Herzegovina,2021-12-31,All,1553874,47362
72,BW,BWA,72,,,,Botswana,-22.3285,24.6849,Botswana,2021-12-31,All,2137289,90885
76,BR,BRA,76,,,,Brazil,-14.235,-51.9253,Brazil,2021-12-31,All,330718457,155588
96,BN,BRN,96,,,,Brunei,4.5353,114.7277,Brunei,2021-12-31,All,823787,188301
100,BG,BGR,100,,,,Bulgaria,42.7339,25.4858,Bulgaria,2021-12-31,All,3697068,53207
854,BF,BFA,854,,,,Burkina Faso,12.2383,-1.5616,Burkina Faso,2021-12-31,All,1053330,5039
104,MM,MMR,104,,,,Burma,21.9162,95.956,Burma,2021-12-31,All,31859036,58553
108,BI,BDI,108,,,,Burundi,-3.3731,29.9189,Burundi,2021-12-31,All,7543,63
132,CV,CPV,132,,,,Cabo Verde,16.5388,-23.0418,Cabo Verde,2021-12-31,All,571130,102723
116,KH,KHM,116,,,,Cambodia,11.55,104.9167,Cambodia,2021-12-31,All,30336200,181447
120,CM,CMR,120,,,,Cameroon,3.848,11.5021,Cameroon,2021-12-31,All,986281,3715
124,CA,CAN,124,,,,Canada,60.0,-95.0,Canada,2021-12-31,All,68396513,180676
12401,CA,CAN,124,,,Alberta,Canada,53.9333,-116.5765,"Alberta, Canada",2021-12-31,All,7594578,172089
12402,CA,CAN,124,,,British Columbia,Canada,53.7267,-127.6476,"British Columbia, Canada",2021-12-31,All,9337772,182702
12403,CA,CAN,124,,,Manitoba,Canada,53.7609,-98.8139,"Manitoba, Canada",2021-12-31,All,2441661,177250
12404,CA,CAN,124,,,New Brunswick,Canada,46.5653,-66.4619,"New Brunswick, Canada",2021-12-31,All,1445189,185282
12405,CA,CAN,124,,,Newfoundland and Labrador,Canada,53.1355,-57.6604,"Newfoundland and Labrador, Canada",2021-12-31,All,932249,178809
12406,CA,CAN,124,,,Northwest Territories,Canada,64.8255,-124.8457,"Northwest Territories,Canada",2021-12-31,All,91434,203621
12407,CA,CAN,124,,,Nova Scotia,Canada,44.682,-63.7443,"Nova Scotia, Canada",2021-12-31,All,1785034,182620
12416,CA,CAN,124,,,Nunavut,Canada,70.2998,-83.1076,"Nunavut, Canada",2021-12-31,All,55230,142418
12408,CA,CAN,124,,,Ontario,Canada,51.2538,-85.3232,"Ontario, Canada",2021-12-31,All,27012866,183613
12409,CA,CAN,124,,,Prince Edward Island,Canada,46.5107,-63.4168,"Prince Edward Island, Canada",2021-12-31,All,292619,185016
12410,CA,CAN,124,,,Quebec,Canada,52.9399,-73.5491,"Quebec, Canada",2021-12-31,All,15245140,178563
12411,CA,CAN,124,,,Saskatchewan,Canada,52.9399,-106.4509,"Saskatchewan, Canada",2021-12-31,All,2081916,176184
12412,CA,CAN,124,,,Yukon,Canada,64.2823,-135.0,"Yukon, Canada",2021-12-31,All,80825,196759
140,CF,CAF,140,,,,Central African Republic,6.6111,20.9394,Central African Republic,2021-12-31,All,790782,16373
148,TD,TCD,148,,,,Chad,15.4542,18.7322,Chad,2021-12-31,All,366585,2231
152,CL,CHL,152,,,,Chile,-35.6751,-71.543,Chile,2021-12-31,All,43938914,229851
156,CN,CHN,156,,,,China,30.5928,114.3055,China,2021-12-31,All,2795716000,199029
344,HK,HKG,344,,,Hong Kong,China,22.3,114.2,"Hong Kong, China",2021-12-31,All,9907184,132148
446,MO,MAC,446,,,Macau,China,22.1667,113.55,"Macau, China",2021-12-31,All,970888,149518
170,CO,COL,170,,,,Colombia,4.5709,-74.2973,Colombia,2021-12-31,All,64218250,126207
17001,CO,COL,170,,,Amazonas,Colombia,-1.4429,-71.5724,"Amazonas, Colombia",2021-12-31,All,102745,134151
17002,CO,COL,170,,,Antioquia,Colombia,7.1986,-75.3412,"Antioquia, Colombia",2021-12-31,All,9059416,141396
17003,CO,COL,170,,,Arauca,Colombia,7.0762,-70.7105,"Arauca, Colombia",2021-12-31,All,313321,119508
17004,CO,COL,170,,,Atlantico,Colombia,10.6966,-74.8741,"Atlantico, Colombia",2021-12-31,All,3620288,142783
17005,CO,COL,170,,,Bolivar,Colombia,8.6704,-74.03,"Bolivar, Colombia",2021-12-31,All,2699584,130407
17006,CO,COL,170,,,Boyaca,Colombia,5.4545,-73.362,"Boyaca, Colombia",2021-12-31,All,1839158,151075
17007,CO,COL,170,,,Caldas,Colombia,5.2983,-75.2479,"Caldas, Colombia",2021-12-31,All,1410165,141263
17008,CO,COL,170,,,Capital District,Colombia,4.711,-74.0721,"Capital District, Colombia",2021-12-31,All,11366471,153340
17009,CO,COL,170,,,Caqueta,Colombia,0.8699,-73.8419,"Caqueta, Colombia",2021-12-31,All,375717,93580
17010,CO,COL,170,,,Casanare,Colombia,5.7589,-71.5724,"Casanare, Colombia",2021-12-31,All,534084,127010
17011,CO,COL,170,,,Cauca,Colombia,2.705,-76.82600000000002,"Cauca, Colombia",2021-12-31,All,1184325,80869
17012,CO,COL,170,,,Cesar,Colombia,9.3373,-73.6536,"Cesar, Colombia",2021-12-31,All,1322439,110150
17013,CO,COL,170,,,Choco,Colombia,5.2528,-76.82600000000002,"Choco, Colombia",2021-12-31,All,327448,61225
17014,CO,COL,170,,,Cordoba,Colombia,8.0493,-75.574,"Cordoba, Colombia",2021-12-31,All,1915827,107342
17015,CO,COL,170,,,Cundinamarca,Colombia,5.026,-74.03,"Cundinamarca, Colombia",2021-12-31,All,3877951,132849
17016,CO,COL,170,,,Guainia,Colombia,2.5854,-68.5247,"Guainia, Colombia",2021-12-31,All,37082,77071
17017,CO,COL,170,,,Guaviare,Colombia,1.0654,-73.2603,"Guaviare, Colombia",2021-12-31,All,86465,104467
17018,CO,COL,170,,,Huila,Colombia,2.5359,-75.5277,"Huila, Colombia",2021-12-31,All,1365693,124110
17019,CO,COL,170,,,La Guajira,Colombia,11.3548,-72.5205,"La Guajira, Colombia",2021-12-31,All,867549,98522
17020,CO,COL,170,,,Magdalena,Colombia,10.4113,-74.4057,"Magdalena, Colombia",2021-12-31,All,1592131,118661
17021,CO,COL,170,,,Meta,Colombia,3.272,-73.0877,"Meta, Colombia",2021-12-31,All,1175755,113083
17022,CO,COL,170,,,Narino,Colombia,1.2892,-77.3579,"Narino, Colombia",2021-12-31,All,1866678,114478
17023,CO,COL,170,,,Norte de Santander,Colombia,7.9463,-72.8988,"Norte de Santander, Colombia",2021-12-31,All,1856443,124452
17024,CO,COL,170,,,Putumayo,Colombia,0.436,-75.5277,"Putumayo, Colombia",2021-12-31,All,266255,76470
17025,CO,COL,170,,,Quindio,Colombia,4.461,-75.6674,"Quindio, Colombia",2021-12-31,All,792928,146864
17026,CO,COL,170,,,Risaralda,Colombia,5.3158,-75.9928,"Risaralda, Colombia",2021-12-31,All,1366080,144803
17027,CO,COL,170,,,San Andres y Providencia,Colombia,12.5567,-81.7185,"San Andres y Providencia, Colombia",2021-12-31,All,106187,173281
17028,CO,COL,170,,,Santander,Colombia,6.6437,-73.6536,"Santander, Colombia",2021-12-31,All,3043133,139284
17029,CO,COL,170,,,Sucre,Colombia,8.814,-74.7233,"Sucre, Colombia",2021-12-31,All,1136989,125653
17030,CO,COL,170,,,Tolima,Colombia,4.0925,-75.1545,"Tolima, Colombia",2021-12-31,All,1837906,138168
17034,CO,COL,170,,,Unknown,Colombia,,,"Unknown, Colombia",2021-12-31,All,1405373,
17031,CO,COL,170,,,Valle del Cauca,Colombia,3.8009,-76.6413,"Valle del Cauca, Colombia",2021-12-31,All,5382663,120259
17032,CO,COL,170,,,Vaupes,Colombia,0.8554,-70.812,"Vaupes, Colombia",2021-12-31,All,28109,68899
17033,CO,COL,170,,,Vichada,Colombia,4.4234,-69.2878,"Vichada, Colombia",2021-12-31,All,55892,51844
174,KM,COM,174,,,,Comoros,-11.6455,43.3333,Comoros,2021-12-31,All,527119,60616
178,CG,COG,178,,,,Congo (Brazzaville),-0.228,15.8277,Congo (Brazzaville),2021-12-31,All,1295601,23479
180,CD,COD,180,,,,Congo (Kinshasa),-4.0383,21.7587,Congo (Kinshasa),2021-12-31,All,291286,325
188,CR,CRI,188,,,,Costa Rica,9.7489,-83.7534,Costa Rica,2021-12-31,All,7756348,152260
384,CI,CIV,384,,,,Cote d'Ivoire,7.54,-5.5471,Cote d'Ivoire,2021-12-31,All,4812235,18243
191,HR,HRV,191,,,,Croatia,45.1,15.2,Croatia,2021-12-31,All,4684781,114116
192,CU,CUB,192,,,,Cuba,21.521757,-77.78116700000002,Cuba,2021-12-31,All,30090996,265666
196,CY,CYP,196,,,,Cyprus,35.1264,33.4299,Cyprus,2021-12-31,All,1541159,127646
203,CZ,CZE,203,,,,Czechia,49.8175,15.473,Czechia,2021-12-31,All,15404188,143843
20301,CZ,CZE,203,,,Jihocesky,Czechia,48.9458,14.4416,"Jihocesky, Czechia",2021-12-31,All,938843,147278
20302,CZ,CZE,203,,,Jihomoravsky,Czechia,48.9545,16.7677,"Jihomoravsky, Czechia",2021-12-31,All,1718690,146923
20303,CZ,CZE,203,,,Karlovarsky,Czechia,50.2319,12.872,"Karlovarsky, Czechia",2021-12-31,All,400741,136626
20304,CZ,CZE,203,,,Kralovehradecky,Czechia,50.2104,15.8252,"Kralovehradecky, Czechia",2021-12-31,All,806137,145071
20305,CZ,CZE,203,,,Liberecky,Czechia,50.7663,15.0543,"Liberecky, Czechia",2021-12-31,All,611940,139310
20306,CZ,CZE,203,,,Moravskoslezsky,Czechia,49.7305,18.2333,"Moravskoslezsky, Czechia",2021-12-31,All,1570508,127060
20307,CZ,CZE,203,,,Olomoucky,Czechia,49.6587,17.0811,"Olomoucky, Czechia",2021-12-31,All,809668,126521
20308,CZ,CZE,203,,,Pardubicky,Czechia,49.9444,16.2857,"Pardubicky, Czechia",2021-12-31,All,698768,138291
20309,CZ,CZE,203,,,Plzensky,Czechia,49.4135,13.3157,"Plzensky, Czechia",2021-12-31,All,842524,142549
20310,CZ,CZE,203,,,Prague,Czechia,50.07365,14.4185,"Prague, Czechia",2021-12-31,All,2814616,221154
20311,CZ,CZE,203,,,Stredocesky,Czechia,49.8782,14.9363,"Stredocesky, Czechia",2021-12-31,All,1620006,127095
20315,CZ,CZE,203,,,Unknown,Czechia,,,"Unknown, Czechia",2021-12-31,All,0,0
20312,CZ,CZE,203,,,Ustecky,Czechia,50.6611,14.0531,"Ustecky, Czechia",2021-12-31,All,1096329,132028
20313,CZ,CZE,203,,,Vysocina,Czechia,49.8175,15.473,"Vysocina, Czechia",2021-12-31,All,703845,137274
20314,CZ,CZE,203,,,Zlinsky,Czechia,49.2244,17.6628,"Zlinsky, Czechia",2021-12-31,All,771573,130673
208,DK,DNK,208,,,,Denmark,56.2639,9.5018,Denmark,2021-12-31,All,11993187,207057
234,FO,FRO,234,,,Faroe Islands,Denmark,61.8926,-6.9118,"Faroe Islands, Denmark",2021-12-31,All,95287,195000
304,GL,GRL,304,,,Greenland,Denmark,71.7069,-42.6043,"Greenland, Denmark",2021-12-31,All,78500,138272
262,DJ,DJI,262,,,,Djibouti,11.8251,42.5903,Djibouti,2021-12-31,All,135032,13667
212,DM,DMA,212,,,,Dominica,15.415,-61.371,Dominica,2021-12-31,All,57044,79237
214,DO,DOM,214,,,,Dominican Republic,18.7357,-70.1627,Dominican Republic,2021-12-31,All,14072960,129729
218,EC,ECU,218,,,,Ecuador,-1.8312,-78.1834,Ecuador,2021-12-31,All,27407553,155344
818,EG,EGY,818,,,,Egypt,26.820553000000004,30.802498,Egypt,2021-12-31,All,52819190,51614
222,SV,SLV,222,,,,El Salvador,13.7942,-88.8965,El Salvador,2021-12-31,All,9553791,147294
226,GQ,GNQ,226,,,,Equatorial Guinea,1.6508,10.2679,Equatorial Guinea,2021-12-31,All,452666,32264
233,EE,EST,233,,,,Estonia,58.5953,25.0136,Estonia,2021-12-31,All,1516882,114348
23301,EE,EST,233,,,Harju,Estonia,59.3334,25.2467,"Harju, Estonia",2021-12-31,All,670842,110877
23302,EE,EST,233,,,Hiiu,Estonia,58.924,22.5919,"Hiiu, Estonia",2021-12-31,All,13054,140139
23303,EE,EST,233,,,Ida-Viru,Estonia,59.2593,27.4137,"Ida-Viru, Estonia",2021-12-31,All,124793,92949
23304,EE,EST,233,,,Jarva,Estonia,58.8867,25.5001,"Jarva, Estonia",2021-12-31,All,35431,117422
23305,EE,EST,233,,,Jogeva,Estonia,58.7506,26.3605,"Jogeva, Estonia",2021-12-31,All,34654,121840
23306,EE,EST,233,,,Laane,Estonia,58.9723,23.8741,"Laane, Estonia",2021-12-31,All,24120,117980
23307,EE,EST,233,,,Laane-Viru,Estonia,59.3019,26.328000000000003,"Laane-Viru, Estonia",2021-12-31,All,67965,115464
23308,EE,EST,233,,,Parnu,Estonia,58.5262,24.401999999999997,"Parnu, Estonia",2021-12-31,All,91869,106595
23309,EE,EST,233,,,Polva,Estonia,58.1161,27.2066,"Polva, Estonia",2021-12-31,All,28155,114232
23310,EE,EST,233,,,Rapla,Estonia,58.8493,24.7347,"Rapla, Estonia",2021-12-31,All,37758,113448
23311,EE,EST,233,,,Saare,Estonia,58.485,22.6136,"Saare, Estonia",2021-12-31,All,39025,117960
23312,EE,EST,233,,,Tartu,Estonia,58.4057,26.8016,"Tartu, Estonia",2021-12-31,All,193285,126068
23316,EE,EST,233,,,Unknown,Estonia,,,"Unknown, Estonia",2021-12-31,All,35838,
23313,EE,EST,233,,,Valga,Estonia,57.9103,26.1602,"Valga, Estonia",2021-12-31,All,29228,103630
23314,EE,EST,233,,,Viljandi,Estonia,58.2822,25.5752,"Viljandi, Estonia",2021-12-31,All,54034,117055
23315,EE,EST,233,,,Voru,Estonia,57.7377,27.1399,"Voru, Estonia",2021-12-31,All,36831,103998
748,SZ,SWZ,748,,,,Eswatini,-26.5225,31.4659,Eswatini,2021-12-31,All,399616,34444
231,ET,ETH,231,,,,Ethiopia,9.145,40.4897,Ethiopia,2021-12-31,All,10894936,9476
242,FJ,FJI,242,,,,Fiji,-17.7134,178.065,Fiji,2021-12-31,All,1267045,141341
246,FI,FIN,246,,,,Finland,61.92411,25.748151,Finland,2021-12-31,All,9489226,171263
250,FR,FRA,250,,,,France,46.2276,2.2137,France,2021-12-31,All,123020134,188468
25001,FR,FRA,250,,,Auvergne-Rhone Alps,France,4.0,-53.0,"Auvergne-Rhone Alps, France",2021-12-31,All,14043016,
25003,FR,FRA,250,,,Brittany,France,4.0,-53.0,"Brittany, France",2021-12-31,All,6633257,
25002,FR,FRA,250,,,Burgundy-Free County,France,4.0,-53.0,"Burgundy-Free County, France",2021-12-31,All,5079320,
25004,FR,FRA,250,,,Centre-Loire Valley,France,4.0,-53.0,"Centre-Loire Valley, France",2021-12-31,All,4817077,
25005,FR,FRA,250,,,Corsica,France,4.0,-53.0,"Corsica, France",2021-12-31,All,560750,
254,GF,GUF,254,,,French Guiana,France,4.0,-53.0,"French Guiana, France",2021-12-31,All,171617,57458
258,PF,PYF,258,,,French Polynesia,France,-17.6797,-149.4068,"French Polynesia, France",2021-12-31,All,329095,117155
25006,FR,FRA,250,,,Great East,France,4.0,-53.0,"Great East, France",2021-12-31,All,9952903,
312,GP,GLP,312,,,Guadeloupe,France,16.265,-61.551,"Guadeloupe, France",2021-12-31,All,272920,68208
25007,FR,FRA,250,,,Island of France,France,4.0,-53.0,"Island of France, France",2021-12-31,All,20911061,
25008,FR,FRA,250,,,Loire Countries,France,4.0,-53.0,"Loire Countries, France",2021-12-31,All,7201109,
474,MQ,MTQ,474,,,Martinique,France,14.6415,-61.0242,"Martinique, France",2021-12-31,All,280052,74627
25009,FR,FRA,250,,,New Aquitaine,France,4.0,-53.0,"New Aquitaine, France",2021-12-31,All,11577859,
540,NC,NCL,540,,,New Caledonia,France,-20.904305,165.618042,"New Caledonia, France",2021-12-31,All,355717,124598
25010,FR,FRA,250,,,Normandy,France,4.0,-53.0,"Normandy, France",2021-12-31,All,6401633,
25011,FR,FRA,250,,,Occitania,France,4.0,-53.0,"Occitania, France",2021-12-31,All,10660922,
25012,FR,FRA,250,,,Provence-Alps-Azure Coast,France,4.0,-53.0,"Provence-Alps-Azure Coast, France",2021-12-31,All,8669672,
25013,FR,FRA,250,,,Unknown,France,,,"Unknown, France",2021-12-31,All,5629638,
25012,FR,FRA,250,,,Upper France,France,4.0,-53.0,"Upper France, France",2021-12-31,All,10881917,
876,WF,WLF,876,,,Wallis and Futuna,France,-14.2938,-178.1165,"Wallis and Futuna, France",2021-12-31,All,11939,78088
266,GA,GAB,266,,,,Gabon,-0.8037,11.6094,Gabon,2021-12-31,All,566021,25430
270,GM,GMB,270,,,,Gambia,13.4432,-15.3101,Gambia,2021-12-31,All,276276,11432
268,GE,GEO,268,,,,Georgia,42.3154,43.3569,Georgia,2021-12-31,All,2495435,62555
276,DE,DEU,276,,,,Germany,51.165691,10.451526,Germany,2021-12-31,All,148763747,177556
27601,DE,DEU,276,,,Baden-Wurttemberg,Germany,48.6616,9.3501,"Baden-Wurttemberg, Germany",2021-12-31,All,19532982,176457
27602,DE,DEU,276,,,Bayern,Germany,48.7904,11.4979,"Bayern, Germany",2021-12-31,All,23053205,176291
27603,DE,DEU,276,,,Berlin,Germany,52.52,13.405,"Berlin, Germany",2021-12-31,All,6646108,182343
27604,DE,DEU,276,,,Brandenburg,Germany,52.4125,12.5316,"Brandenburg, Germany",2021-12-31,All,4035831,160667
27605,DE,DEU,276,,,Bremen,Germany,53.0793,8.8017,"Bremen, Germany",2021-12-31,All,1375520,201397
27606,DE,DEU,276,,,Hamburg,Germany,53.5511,9.9937,"Hamburg, Germany",2021-12-31,All,3382966,183739
27607,DE,DEU,276,,,Hessen,Germany,50.6521,9.1624,"Hessen, Germany",2021-12-31,All,10966215,175016
27608,DE,DEU,276,,,Mecklenburg-Vorpommern,Germany,53.6127,12.4296,"Mecklenburg-Vorpommern, Germany",2021-12-31,All,2770373,172107
27609,DE,DEU,276,,,Niedersachsen,Germany,52.6367,9.8451,"Niedersachsen, Germany",2021-12-31,All,14772843,185066
27610,DE,DEU,276,,,Nordrhein-Westfalen,Germany,51.4332,7.6616,"Nordrhein-Westfalen, Germany",2021-12-31,All,33756203,188238
27611,DE,DEU,276,,,Rheinland-Pfalz,Germany,50.1183,7.309,"Rheinland-Pfalz, Germany",2021-12-31,All,7390668,180929
27612,DE,DEU,276,,,Saarland,Germany,49.3964,7.023,"Saarland, Germany",2021-12-31,All,1942565,196117
27613,DE,DEU,276,,,Sachsen,Germany,51.1045,13.2017,"Sachsen, Germany",2021-12-31,All,6122507,150137
27614,DE,DEU,276,,,Sachsen-Anhalt,Germany,51.9503,11.6923,"Sachsen-Anhalt, Germany",2021-12-31,All,3613108,163613
27615,DE,DEU,276,,,Schleswig-Holstein,Germany,54.2194,9.6961,"Schleswig-Holstein, Germany",2021-12-31,All,5505985,190077
27616,DE,DEU,276,,,Thuringen,Germany,51.011,10.8453,"Thuringen, Germany",2021-12-31,All,3427914,159947
27617,DE,DEU,276,,,Unknown,Germany,,,"Unknown, Germany",2021-12-31,All,0,0
288,GH,GHA,288,,,,Ghana,7.9465,-1.0232,Ghana,2021-12-31,All,7755231,24958
300,GR,GRC,300,,,,Greece,39.0742,21.8243,Greece,2021-12-31,All,17198009,164999
308,GD,GRD,308,,,,Grenada,12.1165,-61.679,Grenada,2021-12-31,All,78476,69744
320,GT,GTM,320,,,,Guatemala,15.7835,-90.2308,Guatemala,2021-12-31,All,11290266,63019
324,GN,GIN,324,,,,Guinea,9.9456,-9.6966,Guinea,2021-12-31,All,2823085,21496
624,GW,GNB,624,,,,Guinea-Bissau,11.8037,-15.1804,Guinea-Bissau,2021-12-31,All,413938,21033
328,GY,GUY,328,,,,Guyana,4.860416000000002,-58.93018000000001,Guyana,2021-12-31,All,764898,97246
332,HT,HTI,332,,,,Haiti,18.9712,-72.2852,Haiti,2021-12-31,All,194341,1704
340,HN,HND,340,,,,Honduras,15.2,-86.2419,Honduras,2021-12-31,All,9589064,96814
348,HU,HUN,348,,,,Hungary,47.1625,19.5033,Hungary,2021-12-31,All,15074636,156046
352,IS,ISL,352,,,,Iceland,64.9631,-19.0208,Iceland,2021-12-31,All,716926,210088
356,IN,IND,356,,,,India,20.593684,78.96288,India,2021-12-31,All,1445787544,104766
35601,IN,IND,356,,,Andaman and Nicobar Islands,India,11.225999,92.968178,"Andaman and Nicobar Islands, India",2021-12-31,All,592776,142140
35602,IN,IND,356,,,Andhra Pradesh,India,15.9129,79.74,"Andhra Pradesh, India",2021-12-31,All,69322967,128605
35603,IN,IND,356,,,Arunachal Pradesh,India,27.768456,96.384277,"Arunachal Pradesh, India",2021-12-31,All,1455479,92678
35604,IN,IND,356,,,Assam,India,26.357149,92.830441,"Assam, India",2021-12-31,All,37527852,105394
35605,IN,IND,356,,,Bihar,India,25.679658,85.60484,"Bihar, India",2021-12-31,All,99444047,79682
35606,IN,IND,356,,,Chandigarh,India,30.733839,76.76827800000002,"Chandigarh, India",2021-12-31,All,1721307,148584
35607,IN,IND,356,,,Chhattisgarh,India,21.264705,82.035366,"Chhattisgarh, India",2021-12-31,All,29773158,101144
35608,IN,IND,356,,,Dadra and Nagar Haveli and Daman and Diu,India,20.194742,73.080901,"Dadra and Nagar Haveli and Daman and Diu, India",2021-12-31,All,1214753,197288
35609,IN,IND,356,,,Delhi,India,28.646519,77.10898,"Delhi, India",2021-12-31,All,26244568,140263
35610,IN,IND,356,,,Goa,India,15.359682,74.057396,"Goa, India",2021-12-31,All,2404477,151582
35611,IN,IND,356,,,Gujarat,India,22.694884,71.590923,"Gujarat, India",2021-12-31,All,89263129,139752
35612,IN,IND,356,,,Haryana,India,29.20004,76.332824,"Haryana, India",2021-12-31,All,34089381,120864
35613,IN,IND,356,,,Himachal Pradesh,India,31.927213,77.233081,"Himachal Pradesh, India",2021-12-31,All,11356584,152397
35614,IN,IND,356,,,Jammu and Kashmir,India,33.75943,76.612638,"Jammu and Kashmir, India",2021-12-31,All,18511746,136052
35615,IN,IND,356,,,Jharkhand,India,23.654536,85.557631,"Jharkhand, India",2021-12-31,All,29586161,76660
35616,IN,IND,356,,,Karnataka,India,14.70518,76.166436,"Karnataka, India",2021-12-31,All,86065659,127386
35617,IN,IND,356,,,Kerala,India,10.450898,76.405749,"Kerala, India",2021-12-31,All,47135183,132033
35618,IN,IND,356,,,Ladakh,India,34.1526,77.5771,"Ladakh, India",2021-12-31,All,389452,141986
35637,IN,IND,356,,,Lakshadweep,India,13.6999972,72.18333259999999,"Lakshadweep, India",2021-12-31,All,108424,168284
35619,IN,IND,356,,,Madhya Pradesh,India,23.541513,78.289633,"Madhya Pradesh, India",2021-12-31,All,102292038,119837
35620,IN,IND,356,,,Maharashtra,India,19.449759,76.108221,"Maharashtra, India",2021-12-31,All,133233707,108193
35621,IN,IND,356,,,Manipur,India,24.738975,93.882541,"Manipur, India",2021-12-31,All,2314222,74856
35622,IN,IND,356,,,Meghalaya,India,25.536934,91.278882,"Meghalaya, India",2021-12-31,All,2118444,62923
35623,IN,IND,356,,,Mizoram,India,23.309381,92.83822,"Mizoram, India",2021-12-31,All,1333218,107583
35624,IN,IND,356,,,Nagaland,India,26.06702,94.470302,"Nagaland, India",2021-12-31,All,1332707,59239
35625,IN,IND,356,,,Odisha,India,20.505428,84.418059,"Odisha, India",2021-12-31,All,49853164,107543
35626,IN,IND,356,,,Puducherry,India,11.882658,78.86498,"Puducherry, India",2021-12-31,All,1402830,99242
35627,IN,IND,356,,,Punjab,India,30.841465000000003,75.40879,"Punjab, India",2021-12-31,All,26301309,87259
35628,IN,IND,356,,,Rajasthan,India,26.583423,73.847973,"Rajasthan, India",2021-12-31,All,81084307,100063
35629,IN,IND,356,,,Sikkim,India,27.571671,88.472712,"Sikkim, India",2021-12-31,All,1008655,146128
35630,IN,IND,356,,,Tamil Nadu,India,11.006091,78.400624,"Tamil Nadu, India",2021-12-31,All,83072340,106720
35631,IN,IND,356,,,Telangana,India,18.1124,79.0193,"Telangana, India",2021-12-31,All,46773423,118826
35632,IN,IND,356,,,Tripura,India,23.746783,91.743565,"Tripura, India",2021-12-31,All,4697642,112658
35636,IN,IND,356,,,Unknown,India,,,"Unknown, India",2021-12-31,All,4179128,
35633,IN,IND,356,,,Uttar Pradesh,India,26.925425,80.560982,"Uttar Pradesh, India",2021-12-31,All,200172468,84147
35634,IN,IND,356,,,Uttarakhand,India,30.156447,79.197608,"Uttarakhand, India",2021-12-31,All,14117659,125480
35635,IN,IND,356,,,West Bengal,India,23.814082,87.979803,"West Bengal, India",2021-12-31,All,104293180,104702
360,ID,IDN,360,,,,Indonesia,-0.7893,113.9213,Indonesia,2021-12-31,All,273553476,100010
360001,ID,IDN,360,,,Aceh,Indonesia,4.6951,96.7494,"Aceh, Indonesia",2021-12-31,All,3690588,69965
360002,ID,IDN,360,,,Bali,Indonesia,-8.3405,115.09200000000001,"Bali, Indonesia",2021-12-31,All,6595125,152756
360003,ID,IDN,360,,,Bangka Belitung Islands,Indonesia,-2.7411,106.4406,"Bangka Belitung Islands, Indonesia",2021-12-31,All,1567059,107651
360004,ID,IDN,360,,,Banten,Indonesia,-2.7411,106.4406,"Banten, Indonesia",2021-12-31,All,11824945,99331
360005,ID,IDN,360,,,Bengkulu,Indonesia,-3.7928,102.2608,"Bengkulu, Indonesia",2021-12-31,All,1910301,95008
360006,ID,IDN,360,,,Central Java,Indonesia,-7.151,110.1403,"Central Java, Indonesia",2021-12-31,All,39377239,107835
360007,ID,IDN,360,,,Central Kalimantan,Indonesia,-1.6815,113.3824,"Central Kalimantan, Indonesia",2021-12-31,All,2503275,93756
360008,ID,IDN,360,,,Central Sulawesi,Indonesia,-1.43,121.4456,"Central Sulawesi, Indonesia",2021-12-31,All,2249379,75337
360009,ID,IDN,360,,,East Java,Indonesia,-7.5361,112.2384,"East Java, Indonesia",2021-12-31,All,42257641,103914
360010,ID,IDN,360,,,East Kalimantan,Indonesia,0.5387,116.4194,"East Kalimantan, Indonesia",2021-12-31,All,4083608,108432
360011,ID,IDN,360,,,East Nusa Tenggara,Indonesia,-8.6574,121.0794,"East Nusa Tenggara, Indonesia",2021-12-31,All,4007356,75247
360012,ID,IDN,360,,,Gorontalo,Indonesia,0.5435,123.0568,"Gorontalo, Indonesia",2021-12-31,All,1139082,97217
360014,ID,IDN,360,,,Jambi,Indonesia,-1.6101,103.6131,"Jambi, Indonesia",2021-12-31,All,3497946,98582
360015,ID,IDN,360,,,Lampung,Indonesia,-4.5586,105.4068,"Lampung, Indonesia",2021-12-31,All,7987693,88674
360016,ID,IDN,360,,,Maluku,Indonesia,-3.2385,130.1453,"Maluku, Indonesia",2021-12-31,All,1165437,63033
360017,ID,IDN,360,,,North Kalimantan,Indonesia,3.0731,116.0414,"North Kalimantan, Indonesia",2021-12-31,All,745197,106181
360018,ID,IDN,360,,,North Maluku,Indonesia,1.571,127.8088,"North Maluku, Indonesia",2021-12-31,All,944870,73648
360019,ID,IDN,360,,,North Sulawesi,Indonesia,0.6247,123.975,"North Sulawesi, Indonesia",2021-12-31,All,2517546,96019
360020,ID,IDN,360,,,North Sumatra,Indonesia,2.1154,99.5451,"North Sumatra, Indonesia",2021-12-31,All,14201260,95958
360021,ID,IDN,360,,,Papua,Indonesia,-4.2699,138.0804,"Papua, Indonesia",2021-12-31,All,1271256,29538
360022,ID,IDN,360,,,Riau,Indonesia,0.2933,101.7068,"Riau, Indonesia",2021-12-31,All,5747798,89892
360023,ID,IDN,360,,,Riau Islands,Indonesia,3.9457,108.1429,"Riau Islands, Indonesia",2021-12-31,All,2728665,132166
360025,ID,IDN,360,,,South Kalimantan,Indonesia,-3.0926,115.2838,"South Kalimantan, Indonesia",2021-12-31,All,3548448,87108
360026,ID,IDN,360,,,South Sulawesi,Indonesia,-3.6688,119.9741,"South Sulawesi, Indonesia",2021-12-31,All,7821280,86199
360027,ID,IDN,360,,,South Sumatra,Indonesia,-3.3194,103.9144,"South Sumatra, Indonesia",2021-12-31,All,7480154,88340
360024,ID,IDN,360,,,Southeast Sulawesi,Indonesia,-1.8479,120.5279,"Southeast Sulawesi, Indonesia",2021-12-31,All,2028156,77266
360013,ID,IDN,360,,,Special Capital Region of Jakarta,Indonesia,-6.2088,106.8456,"Special Capital Region of Jakarta, Indonesia",2021-12-31,All,21000697,198830
360034,ID,IDN,360,,,Special Region of Yogyakarta,Indonesia,-7.8754,110.4262,"Special Region of Yogyakarta, Indonesia",2021-12-31,All,5424973,147871
360035,ID,IDN,360,,,Unknown,Indonesia,,,"Unknown, Indonesia",2021-12-31,All,101,
360028,ID,IDN,360,,,West Java,Indonesia,-7.0909,107.6689,"West Java, Indonesia",2021-12-31,All,48212242,99871
360029,ID,IDN,360,,,West Kalimantan,Indonesia,-0.2788,111.4753,"West Kalimantan, Indonesia",2021-12-31,All,4275420,78964
360030,ID,IDN,360,,,West Nusa Tenggara,Indonesia,-8.6529,117.3616,"West Nusa Tenggara, Indonesia",2021-12-31,All,5144509,96699
360031,ID,IDN,360,,,West Papua,Indonesia,-1.3361,133.1747,"West Papua, Indonesia",2021-12-31,All,681460,60089
360032,ID,IDN,360,,,West Sulawesi,Indonesia,-2.8441,119.2321,"West Sulawesi, Indonesia",2021-12-31,All,1082963,76306
360033,ID,IDN,360,,,West Sumatra,Indonesia,-0.7399,100.8,"West Sumatra, Indonesia",2021-12-31,All,4839807,87448
364,IR,IRN,364,,,,Iran,32.427908,53.68804599999999,Iran,2021-12-31,All,116210697,138357
368,IQ,IRQ,368,,,,Iraq,33.223191,43.679291,Iraq,2021-12-31,All,14140578,35155
372,IE,IRL,372,,,,Ireland,53.1424,-7.6921,Ireland,2021-12-31,All,9510367,192603
376,IL,ISR,376,,,,Israel,31.046051,34.851612,Israel,2021-12-31,All,16713679,193098
380,IT,ITA,380,,,,Italy,41.87194,12.56738,Italy,2021-12-31,All,110565671,182868
38013,IT,ITA,380,,,Abruzzo,Italy,42.35122196,13.39843823,"Abruzzo, Italy",2021-12-31,All,2395147,182615
38017,IT,ITA,380,,,Basilicata,Italy,40.63947052,15.80514834,"Basilicata, Italy",2021-12-31,All,1014879,180304
38018,IT,ITA,380,,,Calabria,Italy,38.90597598,16.59440194,"Calabria, Italy",2021-12-31,All,3218322,165285
38015,IT,ITA,380,,,Campania,Italy,40.83956555,14.25084984,"Campania, Italy",2021-12-31,All,10088777,173893
38008,IT,ITA,380,,,Emilia-Romagna,Italy,44.49436681,11.3417208,"Emilia-Romagna, Italy",2021-12-31,All,8404393,188461
38006,IT,ITA,380,,,Friuli Venezia Giulia,Italy,45.6494354,13.76813649,"Friuli Venezia Giulia, Italy",2021-12-31,All,2165738,178217
38012,IT,ITA,380,,,Lazio,Italy,41.89277044,12.48366722,"Lazio, Italy",2021-12-31,All,10925450,185835
38007,IT,ITA,380,,,Liguria,Italy,44.41149315,8.9326992,"Liguria, Italy",2021-12-31,All,2828008,182376
38003,IT,ITA,380,,,Lombardia,Italy,45.46679409,9.190347404,"Lombardia, Italy",2021-12-31,All,19428620,193116
38011,IT,ITA,380,,,Marche,Italy,43.61675973,13.5188753,"Marche, Italy",2021-12-31,All,2763885,181206
38014,IT,ITA,380,,,Molise,Italy,41.55774754,14.65916051,"Molise, Italy",2021-12-31,All,579148,189501
38041,IT,ITA,380,,,P.A. Bolzano,Italy,46.49933453,11.35662422,"P.A. Bolzano, Italy",2021-12-31,All,926769,174100
38042,IT,ITA,380,,,P.A. Trento,Italy,46.06893511,11.12123097,"P.A. Trento, Italy",2021-12-31,All,1020626,188509
38001,IT,ITA,380,,,Piemonte,Italy,45.0732745,7.680687483,"Piemonte, Italy",2021-12-31,All,7969971,182948
38016,IT,ITA,380,,,Puglia,Italy,41.12559576,16.86736689,"Puglia, Italy",2021-12-31,All,7623486,189212
38020,IT,ITA,380,,,Sardegna,Italy,39.21531192,9.110616306,"Sardegna, Italy",2021-12-31,All,3015275,183904
38019,IT,ITA,380,,,Sicilia,Italy,38.11569725,13.362356699999998,"Sicilia, Italy",2021-12-31,All,8108687,162177
38009,IT,ITA,380,,,Toscana,Italy,43.76923077,11.25588885,"Toscana, Italy",2021-12-31,All,7123350,190992
38010,IT,ITA,380,,,Umbria,Italy,43.10675841,12.38824698,"Umbria, Italy",2021-12-31,All,1647241,186758
38002,IT,ITA,380,,,Valle d'Aosta,Italy,45.73750286,7.320149366,"Valle d'Aosta, Italy",2021-12-31,All,226627,180340
38005,IT,ITA,380,,,Veneto,Italy,45.43490485,12.33845213,"Veneto, Italy",2021-12-31,All,9091272,185314
388,JM,JAM,388,,,,Jamaica,18.1096,-77.2975,Jamaica,2021-12-31,All,1199076,40493
392,JP,JPN,392,,,,Japan,36.204824,138.252924,Japan,2021-12-31,All,199596362,157813
400,JO,JOR,400,,,,Jordan,31.24,36.51,Jordan,2021-12-31,All,8485520,83165
398,KZ,KAZ,398,,,,Kazakhstan,48.0196,66.9237,Kazakhstan,2021-12-31,All,17478389,93085
39801,KZ,KAZ,398,,,Aktobe,Kazakhstan,50.2839,57.167,"Aktobe, Kazakhstan",2021-12-31,All,711312,89244
39802,KZ,KAZ,398,,,Almaty,Kazakhstan,45.0119,78.4229,"Almaty, Kazakhstan",2021-12-31,All,1723077,83677
39803,KZ,KAZ,398,,,Almaty City,Kazakhstan,43.222,76.8512,"Almaty City, Kazakhstan",2021-12-31,All,2059263,104160
39804,KZ,KAZ,398,,,Aqmola,Kazakhstan,51.9165,69.411,"Aqmola, Kazakhstan",2021-12-31,All,631575,88332
39805,KZ,KAZ,398,,,Atyrau,Kazakhstan,47.0945,51.9238,"Atyrau, Kazakhstan",2021-12-31,All,498550,89604
39806,KZ,KAZ,398,,,East Kazakhstan,Kazakhstan,48.7063,80.7923,"East Kazakhstan, Kazakhstan",2021-12-31,All,1811135,132238
39807,KZ,KAZ,398,,,Jambyl,Kazakhstan,44.222,72.3658,"Jambyl, Kazakhstan",2021-12-31,All,1186997,110764
39808,KZ,KAZ,398,,,Mangystau,Kazakhstan,43.6895,51.3043,"Mangystau, Kazakhstan",2021-12-31,All,363953,60993
39809,KZ,KAZ,398,,,North Kazakhstan,Kazakhstan,54.1622,69.9387,"North Kazakhstan, Kazakhstan",2021-12-31,All,528815,91268
39810,KZ,KAZ,398,,,Nur-Sultan,Kazakhstan,51.1605,71.4704,"Nur-Sultan, Kazakhstan",2021-12-31,All,919148,80910
39811,KZ,KAZ,398,,,Pavlodar,Kazakhstan,52.2873,76.9674,"Pavlodar, Kazakhstan",2021-12-31,All,681862,90344
39812,KZ,KAZ,398,,,Qaraghandy,Kazakhstan,49.8047,73.1094,"Qaraghandy, Kazakhstan",2021-12-31,All,1155697,83815
39813,KZ,KAZ,398,,,Qostanay,Kazakhstan,53.2198,63.6354,"Qostanay, Kazakhstan",2021-12-31,All,674227,76359
39814,KZ,KAZ,398,,,Qyzylorda,Kazakhstan,44.6923,62.6572,"Qyzylorda, Kazakhstan",2021-12-31,All,801032,100187
39815,KZ,KAZ,398,,,Shymkent,Kazakhstan,42.3417,69.5901,"Shymkent, Kazakhstan",2021-12-31,All,1165841,97153
39816,KZ,KAZ,398,,,Turkistan,Kazakhstan,42.2663,68.1431,"Turkistan, Kazakhstan",2021-12-31,All,2068124,77024
39817,KZ,KAZ,398,,,West Kazakhstan,Kazakhstan,49.568000000000005,50.8067,"West Kazakhstan, Kazakhstan",2021-12-31,All,497781,75783
404,KE,KEN,404,,,,Kenya,-0.0236,37.9062,Kenya,2021-12-31,All,9849459,18317
296,KI,KIR,296,,,,Kiribati,-3.3704,-168.734,Kiribati,2021-12-31,All,104560,88907
410,KR,KOR,410,,,,"Korea, South",35.90775700000001,127.766922,"Korea, South",2021-12-31,All,104426763,203683
383,XK,XKS,383,,,,Kosovo,42.602636,20.902977,Kosovo,2021-12-31,All,1666176,92035
414,KW,KWT,414,,,,Kuwait,29.31166,47.481766,Kuwait,2021-12-31,All,6942690,162570
417,KG,KGZ,417,,,,Kyrgyzstan,41.20438,74.766098,Kyrgyzstan,2021-12-31,All,2245084,34411
418,LA,LAO,418,,,,Laos,19.85627,102.495496,Laos,2021-12-31,All,5830021,80131
428,LV,LVA,428,,,,Latvia,56.8796,24.6032,Latvia,2021-12-31,All,2542389,134788
422,LB,LBN,422,,,,Lebanon,33.8547,35.8623,Lebanon,2021-12-31,All,4371273,64043
422001,LB,LBN,422,,,Akkar,Lebanon,34.5329,36.1328,"Akkar, Lebanon",2021-12-31,All,136472,32217
422003,LB,LBN,422,,,Baalbek-Hermel,Lebanon,34.2659,36.3498,"Baalbek-Hermel, Lebanon",2021-12-31,All,151285,33036
422004,LB,LBN,422,,,Beirut,Lebanon,33.8833,35.4999,"Beirut, Lebanon",2021-12-31,All,676441,156132
422005,LB,LBN,422,,,Beqaa,Lebanon,33.8463,35.9019,"Beqaa, Lebanon",2021-12-31,All,304992,57078
422006,LB,LBN,422,,,Mount Lebanon,Lebanon,33.8101,35.5973,"Mount Lebanon, Lebanon",2021-12-31,All,1792537,117928
422007,LB,LBN,422,,,Nabatieh,Lebanon,33.3772,35.4838,"Nabatieh, Lebanon",2021-12-31,All,320809,83579
422008,LB,LBN,422,,,North,Lebanon,34.4381,35.8308,"North, Lebanon",2021-12-31,All,500722,63306
422009,LB,LBN,422,,,South,Lebanon,33.2721,35.2033,"South, Lebanon",2021-12-31,All,459929,77943
422010,LB,LBN,422,,,Unknown,Lebanon,,,"Unknown, Lebanon",2021-12-31,All,28086,
426,LS,LSO,426,,,,Lesotho,-29.61,28.2336,Lesotho,2021-12-31,All,698383,32600
430,LR,LBR,430,,,,Liberia,6.4280550000000005,-9.429499,Liberia,2021-12-31,All,880313,17405
434,LY,LBY,434,,,,Libya,26.3351,17.228331,Libya,2021-12-31,All,2664009,38770
438,LI,LIE,438,,,,Liechtenstein,47.14,9.55,Liechtenstein,2021-12-31,All,62998,165188
440,LT,LTU,440,,,,Lithuania,55.1694,23.8813,Lithuania,2021-12-31,All,4105401,150806
44001,LT,LTU,440,,,Alytus,Lithuania,,,"Alytus, Lithuania",2021-12-31,All,196312,
44002,LT,LTU,440,,,Kaunas,Lithuania,,,"Kaunas, Lithuania",2021-12-31,All,898599,
44003,LT,LTU,440,,,Klaipeda,Lithuania,,,"Klaipeda, Lithuania",2021-12-31,All,398335,
44004,LT,LTU,440,,,Marijampole,Lithuania,,,"Marijampole, Lithuania",2021-12-31,All,177888,
44005,LT,LTU,440,,,Panevezys,Lithuania,,,"Panevezys, Lithuania",2021-12-31,All,308240,
44006,LT,LTU,440,,,Siauliai,Lithuania,,,"Siauliai, Lithuania",2021-12-31,All,355654,
44007,LT,LTU,440,,,Taurage,Lithuania,,,"Taurage, Lithuania",2021-12-31,All,113024,
44008,LT,LTU,440,,,Telsiai,Lithuania,,,"Telsiai, Lithuania",2021-12-31,All,150685,
44011,LT,LTU,440,,,Unknown,Lithuania,,,"Unknown, Lithuania",2021-12-31,All,1,
44009,LT,LTU,440,,,Utena,Lithuania,,,"Utena, Lithuania",2021-12-31,All,183072,
44010,LT,LTU,440,,,Vilnius,Lithuania,,,"Vilnius, Lithuania",2021-12-31,All,1323591,
442,LU,LUX,442,,,,Luxembourg,49.8153,6.1296,Luxembourg,2021-12-31,All,1064760,170095
450,MG,MDG,450,,,,Madagascar,-18.766947,46.869107,Madagascar,2021-12-31,All,742069,2679
454,MW,MWI,454,,,,Malawi,-13.2543,34.3015,Malawi,2021-12-31,All,1764634,9224
458,MY,MYS,458,,,,Malaysia,4.210483999999999,101.975766,Malaysia,2021-12-31,All,57515286,177702
45801,MY,MYS,458,,,Johor,Malaysia,1.4854,103.7618,"Johor, Malaysia",2021-12-31,All,6681846,177321
45802,MY,MYS,458,,,Kedah,Malaysia,6.1184,100.3685,"Kedah, Malaysia",2021-12-31,All,3465965,158560
45803,MY,MYS,458,,,Kelantan,Malaysia,6.1254,102.2381,"Kelantan, Malaysia",2021-12-31,All,2519770,133166
45804,MY,MYS,458,,,Kuala Lumpur,Malaysia,3.139,101.6869,"Kuala Lumpur, Malaysia",2021-12-31,All,6793862,382021
45805,MY,MYS,458,,,Labuan,Malaysia,5.2831,115.2308,"Labuan, Malaysia",2021-12-31,All,178529,179606
45806,MY,MYS,458,,,Malacca,Malaysia,2.1896,102.2501,"Malacca, Malaysia",2021-12-31,All,1670269,179078
45807,MY,MYS,458,,,Negeri Sembilan,Malaysia,2.7258,101.9424,"Negeri Sembilan, Malaysia",2021-12-31,All,2166901,191405
45808,MY,MYS,458,,,Pahang,Malaysia,3.8126,103.3256,"Pahang, Malaysia",2021-12-31,All,2563169,152833
45809,MY,MYS,458,,,Penang,Malaysia,5.4164,100.3327,"Penang, Malaysia",2021-12-31,All,3412885,191993
45810,MY,MYS,458,,,Perak,Malaysia,4.5921,101.0901,"Perak, Malaysia",2021-12-31,All,4098777,163018
45811,MY,MYS,458,,,Perlis,Malaysia,6.4449,100.2048,"Perlis, Malaysia",2021-12-31,All,439227,172516
45812,MY,MYS,458,,,Putrajaya,Malaysia,2.9264,101.6964,"Putrajaya, Malaysia",2021-12-31,All,334688,317540
45813,MY,MYS,458,,,Sabah,Malaysia,5.9788,116.0753,"Sabah, Malaysia",2021-12-31,All,4917337,125933
45814,MY,MYS,458,,,Sarawak,Malaysia,1.5533,110.3592,"Sarawak, Malaysia",2021-12-31,All,5429473,192664
45815,MY,MYS,458,,,Selangor,Malaysia,3.0738,101.5183,"Selangor, Malaysia",2021-12-31,All,10942584,167269
45816,MY,MYS,458,,,Terengganu,Malaysia,5.3117,103.1324,"Terengganu, Malaysia",2021-12-31,All,1900004,151988
45817,MY,MYS,458,,,Unknown,Malaysia,,,"Unknown, Malaysia",2021-12-31,All,0,0
462,MV,MDV,462,,,,Maldives,3.2028,73.2207,Maldives,2021-12-31,All,788978,145960
466,ML,MLI,466,,,,Mali,17.570692,-3.996166000000001,Mali,2021-12-31,All,1057653,5222
470,MT,MLT,470,,,,Malta,35.9375,14.3754,Malta,2021-12-31,All,1060424,240165
584,MH,MHL,584,,,,Marshall Islands,7.1315,171.1845,Marshall Islands,2021-12-31,All,48029,82223
478,MR,MRT,478,,,,Mauritania,21.0079,-10.9408,Mauritania,2021-12-31,All,1843386,39645
480,MU,MUS,480,,,,Mauritius,-20.348404,57.552152,Mauritius,2021-12-31,All,2036896,160162
484,MX,MEX,484,,,,Mexico,23.6345,-102.5528,Mexico,2021-12-31,All,148814260,116450
583,FM,FSM,583,,,,Micronesia,7.4256,150.5508,Micronesia,2021-12-31,All,84093,73885
498,MD,MDA,498,,,,Moldova,47.4116,28.3699,Moldova,2021-12-31,All,1770434,43888
492,MC,MCO,492,,,,Monaco,43.7333,7.4167,Monaco,2021-12-31,All,49980,127357
496,MN,MNG,496,,,,Mongolia,46.8625,103.8467,Mongolia,2021-12-31,All,5337594,162816
499,ME,MNE,499,,,,Montenegro,42.708678000000006,19.37439,Montenegro,2021-12-31,All,634517,101027
504,MA,MAR,504,,,,Morocco,31.7917,-7.0926,Morocco,2021-12-31,All,50265580,136182
508,MZ,MOZ,508,,,,Mozambique,-18.665695,35.529562,Mozambique,2021-12-31,All,14408516,46099
516,,NAM,516,,,,Namibia,-22.9576,18.4904,Namibia,2021-12-31,All,736133,28971
524,NP,NPL,524,,,,Nepal,28.1667,84.25,Nepal,2021-12-31,All,19905501,68317
524003,NP,NPL,524,,,Bagmati,Nepal,27.6625,85.4376,"Bagmati, Nepal",2021-12-31,All,6106110,110428
524004,NP,NPL,524,,,Gandaki,Nepal,28.3591,84.1013,"Gandaki, Nepal",2021-12-31,All,2135356,88834
524006,NP,NPL,524,,,Karnali,Nepal,,,"Karnali, Nepal",2021-12-31,All,894363,56950
524001,NP,NPL,524,,,Province 1,Nepal,27.3372,87.3811,"Province 1, Nepal",2021-12-31,All,2854950,62954
524002,NP,NPL,524,,,Province 2,Nepal,27.0135,85.6846,"Province 2, Nepal",2021-12-31,All,2744475,50784
524005,NP,NPL,524,,,Province 5,Nepal,27.9207,82.7347,"Province 5, Nepal",2021-12-31,All,3358923,74654
524007,NP,NPL,524,,,Sudurpashchim,Nepal,29.3863,82.3886,"Sudurpashchim, Nepal",2021-12-31,All,1811324,70962
524008,NP,NPL,524,,,Unknown,Nepal,,,"Unknown, Nepal",2021-12-31,All,0,0
528,NL,NLD,528,,,,Netherlands,52.1326,5.2913,Netherlands,2021-12-31,All,26595765,155214
533,AW,ABW,533,,,Aruba,Netherlands,12.5211,-69.9683,"Aruba, Netherlands",2021-12-31,All,163652,153281
535,BQ,BES,535,,,"Bonaire, Sint Eustatius and Saba",Netherlands,12.1784,-68.2385,"Bonaire, Sint Eustatius and Saba, Netherlands",2021-12-31,All,38649,147397
531,CW,CUW,531,,,Curacao,Netherlands,12.1696,-68.99,"Curacao, Netherlands",2021-12-31,All,215366,131240
534,SX,SXM,534,,,Sint Maarten,Netherlands,18.0425,-63.0548,"Sint Maarten, Netherlands",2021-12-31,All,52304,121971
554,NZ,NZL,554,,,,New Zealand,-40.9006,174.886,New Zealand,2021-12-31,All,8166890,169359
184,CK,COK,184,,,Cook Islands,New Zealand,-21.2367,-159.7777,"Cook Islands, New Zealand",2021-12-31,All,25339,145134
558,NI,NIC,558,,,,Nicaragua,12.865416,-85.207229,Nicaragua,2021-12-31,All,7785141,117519
562,NE,NER,562,,,,Niger,17.607789,8.081666,Niger,2021-12-31,All,1716942,7092
566,NG,NGA,566,,,,Nigeria,9.082,8.6753,Nigeria,2021-12-31,All,14149682,6864
807,MK,MKD,807,,,,North Macedonia,41.6086,21.7453,North Macedonia,2021-12-31,All,1741245,83577
578,NO,NOR,578,,,,Norway,60.472,8.4689,Norway,2021-12-31,All,9691822,178774
512,OM,OMN,512,,,,Oman,21.512583,55.92325500000001,Oman,2021-12-31,All,6046310,118401
586,PK,PAK,586,,,,Pakistan,30.3753,69.3451,Pakistan,2021-12-31,All,155023641,70180
585,PW,PLW,8,,,,Palau,7.515,134.5825,Palau,2021-12-31,All,36970,205297
591,PA,PAN,591,,,,Panama,8.538,-80.7821,Panama,2021-12-31,All,6193744,143547
598,PG,PNG,598,,,,Papua New Guinea,-6.314993,143.95555,Papua New Guinea,2021-12-31,All,504018,5633
600,PY,PRY,600,,,,Paraguay,-23.4425,-58.4438,Paraguay,2021-12-31,All,6833614,95809
604,PE,PER,604,,,,Peru,-9.19,-75.0152,Peru,2021-12-31,All,48710775,147734
608,PH,PHL,608,,,,Philippines,12.879721,121.774017,Philippines,2021-12-31,All,107277506,97897
616,PL,POL,616,,,,Poland,51.9194,19.1451,Poland,2021-12-31,All,46792705,123637
61617,PL,POL,616,,,Unknown,Poland,,,"Unknown, Poland",2021-12-31,All,21,
61601,PL,POL,616,,,dolnoslaskie,Poland,51.13399999999999,16.8842,"dolnoslaskie, Poland",2021-12-31,All,3739841,128905
61602,PL,POL,616,,,kujawsko-pomorskie,Poland,53.1648,18.4834,"kujawsko-pomorskie, Poland",2021-12-31,All,2523841,121468
61605,PL,POL,616,,,lodzkie,Poland,51.4635,19.1727,"lodzkie, Poland",2021-12-31,All,3066893,124350
61603,PL,POL,616,,,lubelskie,Poland,51.2494,23.1011,"lubelskie, Poland",2021-12-31,All,2190878,103459
61604,PL,POL,616,,,lubuskie,Poland,52.2275,15.2559,"lubuskie, Poland",2021-12-31,All,1310246,129145
61606,PL,POL,616,,,malopolskie,Poland,49.7225,20.2503,"malopolskie, Poland",2021-12-31,All,3905223,114840
61607,PL,POL,616,,,mazowieckie,Poland,51.8927,21.0022,"mazowieckie, Poland",2021-12-31,All,7418505,137292
61608,PL,POL,616,,,opolskie,Poland,50.8004,17.938,"opolskie, Poland",2021-12-31,All,1096614,111161
61609,PL,POL,616,,,podkarpackie,Poland,50.0575,22.0896,"podkarpackie, Poland",2021-12-31,All,1977220,92870
61610,PL,POL,616,,,podlaskie,Poland,53.0697,22.9675,"podlaskie, Poland",2021-12-31,All,1345025,113837
61611,PL,POL,616,,,pomorskie,Poland,54.2944,18.1531,"pomorskie, Poland",2021-12-31,All,3090177,132425
61612,PL,POL,616,,,slaskie,Poland,50.5717,19.322,"slaskie, Poland",2021-12-31,All,5532612,122036
61613,PL,POL,616,,,swietokrzyskie,Poland,50.6261,20.9406,"swietokrzyskie, Poland",2021-12-31,All,1333949,107442
61614,PL,POL,616,,,warminsko-mazurskie,Poland,53.8671,20.7028,"warminsko-mazurskie, Poland",2021-12-31,All,1609996,112667
61615,PL,POL,616,,,wielkopolskie,Poland,52.28,17.3523,"wielkopolskie, Poland",2021-12-31,All,4459562,127635
61616,PL,POL,616,,,zachodniopomorskie,Poland,53.4658,15.1823,"zachodniopomorskie, Poland",2021-12-31,All,2192106,128869
620,PT,PRT,620,,,,Portugal,39.3999,-8.2245,Portugal,2021-12-31,All,19229373,188584
634,QA,QAT,634,,,,Qatar,25.3548,51.1839,Qatar,2021-12-31,All,5193431,180261
642,RO,ROU,642,,,,Romania,45.9432,24.9668,Romania,2021-12-31,All,15841589,82346
643,RU,RUS,643,,,,Russia,61.52401,105.318756,Russia,2021-12-31,All,146364014,100294
64301,RU,RUS,643,,,Adygea Republic,Russia,44.6939006,40.1520421,"Adygea Republic, Russia",2021-12-31,All,,0
64302,RU,RUS,643,,,Altai Krai,Russia,52.6932243,82.69314240000001,"Altai Krai, Russia",2021-12-31,All,,0
64304,RU,RUS,643,,,Amur Oblast,Russia,52.8032368,128.437295,"Amur Oblast, Russia",2021-12-31,All,,0
64305,RU,RUS,643,,,Arkhangelsk Oblast,Russia,63.5589686,43.1221646,"Arkhangelsk Oblast, Russia",2021-12-31,All,,0
64306,RU,RUS,643,,,Astrakhan Oblast,Russia,47.1878186,47.608851,"Astrakhan Oblast, Russia",2021-12-31,All,,0
64307,RU,RUS,643,,,Bashkortostan Republic,Russia,54.8573563,57.1439682,"Bashkortostan Republic, Russia",2021-12-31,All,,0
64308,RU,RUS,643,,,Belgorod Oblast,Russia,50.7080119,37.5837615,"Belgorod Oblast, Russia",2021-12-31,All,,0
64309,RU,RUS,643,,,Bryansk Oblast,Russia,52.8873315,33.41585300000001,"Bryansk Oblast, Russia",2021-12-31,All,,0
64310,RU,RUS,643,,,Buryatia Republic,Russia,52.7182426,109.492143,"Buryatia Republic, Russia",2021-12-31,All,,0
64312,RU,RUS,643,,,Chelyabinsk Oblast,Russia,54.4223954,61.1865846,"Chelyabinsk Oblast, Russia",2021-12-31,All,,0
64313,RU,RUS,643,,,Chukotka Autonomous Okrug,Russia,66.0006475,169.4900869,"Chukotka Autonomous Okrug, Russia",2021-12-31,All,,0
64314,RU,RUS,643,,,Chuvashia Republic,Russia,55.4259922,47.0849429,"Chuvashia Republic, Russia",2021-12-31,All,,0
64317,RU,RUS,643,,,Irkutsk Oblast,Russia,56.6370122,104.719221,"Irkutsk Oblast, Russia",2021-12-31,All,,0
64318,RU,RUS,643,,,Ivanovo Oblast,Russia,56.9167446,41.43521370000001,"Ivanovo Oblast, Russia",2021-12-31,All,,0
64319,RU,RUS,643,,,Jewish Autonomous Okrug,Russia,48.57527615,132.66307460000002,"Jewish Autonomous Okrug, Russia",2021-12-31,All,,0
64320,RU,RUS,643,,,Kabardino-Balkarian Republic,Russia,43.4806048,43.5978976,"Kabardino-Balkarian Republic, Russia",2021-12-31,All,,0
64321,RU,RUS,643,,,Kaliningrad Oblast,Russia,54.7293041,21.1489473,"Kaliningrad Oblast, Russia",2021-12-31,All,,0
64323,RU,RUS,643,,,Kaluga Oblast,Russia,54.4382773,35.5272854,"Kaluga Oblast, Russia",2021-12-31,All,,0
64325,RU,RUS,643,,,Karachay-Cherkess Republic,Russia,43.7368326,41.7267991,"Karachay-Cherkess Republic, Russia",2021-12-31,All,,0
64326,RU,RUS,643,,,Karelia Republic,Russia,62.61940309999999,33.4920267,"Karelia Republic, Russia",2021-12-31,All,,0
64327,RU,RUS,643,,,Kemerovo Oblast,Russia,54.53357809999999,87.342861,"Kemerovo Oblast, Russia",2021-12-31,All,,0
64328,RU,RUS,643,,,Khabarovsk Krai,Russia,51.6312684,136.121524,"Khabarovsk Krai, Russia",2021-12-31,All,,0
64329,RU,RUS,643,,,Khakassia Republic,Russia,53.72258845,91.44293627,"Khakassia Republic, Russia",2021-12-31,All,,0
64330,RU,RUS,643,,,Khanty-Mansi Autonomous Okrug,Russia,61.0259025,69.0982628,"Khanty-Mansi Autonomous Okrug, Russia",2021-12-31,All,,0
64331,RU,RUS,643,,,Kirov Oblast,Russia,57.9665589,49.4074599,"Kirov Oblast, Russia",2021-12-31,All,,0
64332,RU,RUS,643,,,Komi Republic,Russia,63.9881421,54.3326073,"Komi Republic, Russia",2021-12-31,All,,0
64333,RU,RUS,643,,,Kostroma Oblast,Russia,58.424756,44.2533273,"Kostroma Oblast, Russia",2021-12-31,All,,0
64334,RU,RUS,643,,,Krasnodar Krai,Russia,45.7684014,39.0261044,"Krasnodar Krai, Russia",2021-12-31,All,,0
64335,RU,RUS,643,,,Krasnoyarsk Krai,Russia,63.3233807,97.0979974,"Krasnoyarsk Krai, Russia",2021-12-31,All,,0
64336,RU,RUS,643,,,Kurgan Oblast,Russia,55.7655302,64.5632681,"Kurgan Oblast, Russia",2021-12-31,All,,0
64337,RU,RUS,643,,,Kursk Oblast,Russia,51.6568453,36.4852695,"Kursk Oblast, Russia",2021-12-31,All,,0
64338,RU,RUS,643,,,Leningrad Oblast,Russia,60.1853296,32.3925325,"Leningrad Oblast, Russia",2021-12-31,All,,0
64339,RU,RUS,643,,,Lipetsk Oblast,Russia,52.6935178,39.1122664,"Lipetsk Oblast, Russia",2021-12-31,All,,0
64340,RU,RUS,643,,,Magadan Oblast,Russia,62.48858785,153.9903764,"Magadan Oblast, Russia",2021-12-31,All,,0
64341,RU,RUS,643,,,Mari El Republic,Russia,56.5767504,47.8817512,"Mari El Republic, Russia",2021-12-31,All,,0
64342,RU,RUS,643,,,Mordovia Republic,Russia,54.4419829,44.4661144,"Mordovia Republic, Russia",2021-12-31,All,,0
64343,RU,RUS,643,,,Moscow,Russia,55.7504461,37.6174943,"Moscow, Russia",2021-12-31,All,,0
64344,RU,RUS,643,,,Moscow Oblast,Russia,55.50431579999999,38.0353929,"Moscow Oblast, Russia",2021-12-31,All,,0
64345,RU,RUS,643,,,Murmansk Oblast,Russia,68.00004179999999,33.9999151,"Murmansk Oblast, Russia",2021-12-31,All,,0
64346,RU,RUS,643,,,Nenets Autonomous Okrug,Russia,68.27557185,57.1686375,"Nenets Autonomous Okrug, Russia",2021-12-31,All,,0
64347,RU,RUS,643,,,Nizhny Novgorod Oblast,Russia,55.47180329999999,44.0911594,"Nizhny Novgorod Oblast, Russia",2021-12-31,All,,0
64351,RU,RUS,643,,,Omsk Oblast,Russia,56.09352629999999,73.5099936,"Omsk Oblast, Russia",2021-12-31,All,,0
64352,RU,RUS,643,,,Orel Oblast,Russia,52.96854329999999,36.0692477,"Orel Oblast, Russia",2021-12-31,All,,0
64353,RU,RUS,643,,,Orenburg Oblast,Russia,52.02692620000001,54.7276647,"Orenburg Oblast, Russia",2021-12-31,All,,0
64354,RU,RUS,643,,,Penza Oblast,Russia,53.1655415,44.78791810000001,"Penza Oblast, Russia",2021-12-31,All,,0
64355,RU,RUS,643,,,Perm Krai,Russia,58.5951603,56.3159546,"Perm Krai, Russia",2021-12-31,All,,0
64357,RU,RUS,643,,,Pskov Oblast,Russia,57.5358729,28.8586826,"Pskov Oblast, Russia",2021-12-31,All,,0
64358,RU,RUS,643,,,Rostov Oblast,Russia,47.6222451,40.7957942,"Rostov Oblast, Russia",2021-12-31,All,,0
64359,RU,RUS,643,,,Ryazan Oblast,Russia,54.42267320000001,40.57052460000001,"Ryazan Oblast, Russia",2021-12-31,All,,0
64360,RU,RUS,643,,,Saint Petersburg,Russia,59.9606739,30.158655100000004,"Saint Petersburg, Russia",2021-12-31,All,,0
64361,RU,RUS,643,,,Sakha (Yakutiya) Republic,Russia,66.941626,129.642371,"Sakha (Yakutiya) Republic, Russia",2021-12-31,All,,0
64362,RU,RUS,643,,,Sakhalin Oblast,Russia,49.7219665,143.448533,"Sakhalin Oblast, Russia",2021-12-31,All,,0
64363,RU,RUS,643,,,Samara Oblast,Russia,53.2128813,50.8914633,"Samara Oblast, Russia",2021-12-31,All,,0
64364,RU,RUS,643,,,Saratov Oblast,Russia,51.6520555,46.86319520000001,"Saratov Oblast, Russia",2021-12-31,All,,0
64365,RU,RUS,643,,,Smolensk Oblast,Russia,55.03434960000001,33.0192065,"Smolensk Oblast, Russia",2021-12-31,All,,0
64367,RU,RUS,643,,,Sverdlovsk Oblast,Russia,58.6414755,61.8021546,"Sverdlovsk Oblast, Russia",2021-12-31,All,,0
64368,RU,RUS,643,,,Tambov Oblast,Russia,52.9019574,41.3578918,"Tambov Oblast, Russia",2021-12-31,All,,0
64369,RU,RUS,643,,,Tatarstan Republic,Russia,55.7648572,52.43104273,"Tatarstan Republic, Russia",2021-12-31,All,,0
64370,RU,RUS,643,,,Tomsk Oblast,Russia,58.6124279,82.04753149999998,"Tomsk Oblast, Russia",2021-12-31,All,,0
64371,RU,RUS,643,,,Tula Oblast,Russia,53.9570701,37.3690909,"Tula Oblast, Russia",2021-12-31,All,,0
64373,RU,RUS,643,,,Tyumen Oblast,Russia,58.8206488,70.36588370000001,"Tyumen Oblast, Russia",2021-12-31,All,,0
64375,RU,RUS,643,,,Udmurt Republic,Russia,57.1961165,52.69598320000001,"Udmurt Republic, Russia",2021-12-31,All,,0
64376,RU,RUS,643,,,Ulyanovsk Oblast,Russia,54.1463177,47.2324921,"Ulyanovsk Oblast, Russia",2021-12-31,All,,0
64384,RU,RUS,643,,,Unknown,Russia,,,"Unknown, Russia",2021-12-31,All,146364014,
64377,RU,RUS,643,,,Vladimir Oblast,Russia,56.0503336,40.6561633,"Vladimir Oblast, Russia",2021-12-31,All,,0
64378,RU,RUS,643,,,Volgograd Oblast,Russia,49.6048339,44.29035820000001,"Volgograd Oblast, Russia",2021-12-31,All,,0
64379,RU,RUS,643,,,Vologda Oblast,Russia,60.0391461,43.1215213,"Vologda Oblast, Russia",2021-12-31,All,,0
64380,RU,RUS,643,,,Voronezh Oblast,Russia,50.9800393,40.15065070000001,"Voronezh Oblast, Russia",2021-12-31,All,,0
64381,RU,RUS,643,,,Yamalo-Nenets Autonomous Okrug,Russia,67.1471631,74.3415488,"Yamalo-Nenets Autonomous Okrug, Russia",2021-12-31,All,,0
64382,RU,RUS,643,,,Yaroslavl Oblast,Russia,57.77819760000001,39.0021095,"Yaroslavl Oblast, Russia",2021-12-31,All,,0
64383,RU,RUS,643,,,Zabaykalsky Krai,Russia,52.248521,115.956325,"Zabaykalsky Krai, Russia",2021-12-31,All,,0
646,RW,RWA,646,,,,Rwanda,-1.9403,29.8739,Rwanda,2021-12-31,All,12316233,95089
659,KN,KNA,659,,,,Saint Kitts and Nevis,17.357822,-62.782998,Saint Kitts and Nevis,2021-12-31,All,54868,103150
662,LC,LCA,662,,,,Saint Lucia,13.9094,-60.9789,Saint Lucia,2021-12-31,All,106938,58235
670,VC,VCT,670,,,,Saint Vincent and the Grenadines,12.9843,-61.2872,Saint Vincent and the Grenadines,2021-12-31,All,61198,55159
882,WS,WSM,882,,,,Samoa,-13.759,-172.1046,Samoa,2021-12-31,All,264438,134827
674,SM,SMR,674,,,,San Marino,43.9424,12.4578,San Marino,2021-12-31,All,59883,176448
678,ST,STP,678,,,,Sao Tome and Principe,0.1864,6.6131,Sao Tome and Principe,2021-12-31,All,137612,62790
682,SA,SAU,682,,,,Saudi Arabia,23.885942,45.079162,Saudi Arabia,2021-12-31,All,50756975,145795
686,SN,SEN,686,,,,Senegal,14.4974,-14.4524,Senegal,2021-12-31,All,2269383,13553
688,RS,SRB,688,,,,Serbia,44.0165,21.0059,Serbia,2021-12-31,All,8239799,94305
690,SC,SYC,690,,,,Seychelles,-4.6796,55.492,Seychelles,2021-12-31,All,183472,186569
694,SL,SLE,694,,,,Sierra Leone,8.460555000000001,-11.779889,Sierra Leone,2021-12-31,All,923880,11581
702,SG,SGP,702,,,,Singapore,1.2833,103.8333,Singapore,2021-12-31,All,9543800,163132
703,SK,SVK,703,,,,Slovakia,48.669,19.699,Slovakia,2021-12-31,All,6102956,111783
705,SI,SVN,705,,,,Slovenia,46.1512,14.9955,Slovenia,2021-12-31,All,2900049,139497
70501,SI,SVN,705,,,Gorenjska,Slovenia,46.3154,14.2913,"Gorenjska, Slovenia",2021-12-31,All,297053,145137
70502,SI,SVN,705,,,Goriska,Slovenia,45.9402,13.6202,"Goriska, Slovenia",2021-12-31,All,167864,142722
70503,SI,SVN,705,,,Jugovzhodna Slovenija,Slovenia,46.0569,14.5057,"Jugovzhodna Slovenija, Slovenia",2021-12-31,All,189879,131831
70504,SI,SVN,705,,,Koroska,Slovenia,46.7222,14.1806,"Koroska, Slovenia",2021-12-31,All,101969,144456
70505,SI,SVN,705,,,Obalno-kraska,Slovenia,45.5451,13.8847,"Obalno-kraska, Slovenia",2021-12-31,All,154657,134465
70506,SI,SVN,705,,,Osrednjeslovenska,Slovenia,46.0552,14.5149,"Osrednjeslovenska, Slovenia",2021-12-31,All,792961,140464
70507,SI,SVN,705,,,Podravska,Slovenia,46.7725,12.7429,"Podravska, Slovenia",2021-12-31,All,424894,131098
70508,SI,SVN,705,,,Pomurska,Slovenia,45.7164,10.3404,"Pomurska, Slovenia",2021-12-31,All,158355,138559
70509,SI,SVN,705,,,Posavska,Slovenia,45.2638,17.3265,"Posavska, Slovenia",2021-12-31,All,98024,139900
70510,SI,SVN,705,,,Primorsko-notranjska,Slovenia,45.6879,14.3063,"Primorsko-notranjska, Slovenia",2021-12-31,All,75203,143123
70511,SI,SVN,705,,,Savinjska,Slovenia,46.2309,15.2604,"Savinjska, Slovenia",2021-12-31,All,345529,131956
70513,SI,SVN,705,,,Unknown,Slovenia,,,"Unknown, Slovenia",2021-12-31,All,11034,
70512,SI,SVN,705,,,Zasavska,Slovenia,46.155,15.0533,"Zasavska, Slovenia",2021-12-31,All,82627,198593
90,SB,SLB,90,,,,Solomon Islands,-9.6457,160.1562,Solomon Islands,2021-12-31,All,246124,37699
706,SO,SOM,706,,,,Somalia,5.152149,46.199616,Somalia,2021-12-31,All,1504914,9468
710,ZA,ZAF,710,,,,South Africa,-30.5595,22.9375,South Africa,2021-12-31,All,27955112,47134
728,SS,SSD,728,,,,South Sudan,6.877000000000002,31.307,South Sudan,2021-12-31,All,268640,2399
724,ES,ESP,724,,,,Spain,40.463667,-3.74922,Spain,2021-12-31,All,86237508,184446
144,LK,LKA,144,,,,Sri Lanka,7.873054,80.77179699999998,Sri Lanka,2021-12-31,All,33516336,156521
729,SD,SDN,729,,,,Sudan,12.8628,30.2176,Sudan,2021-12-31,All,5251235,11975
740,SR,SUR,740,,,,Suriname,3.9193,-56.0278,Suriname,2021-12-31,All,505748,86211
752,SE,SWE,752,,,,Sweden,60.128161,18.643501,Sweden,2021-12-31,All,17602770,174297
75201,SE,SWE,752,,,Blekinge,Sweden,56.2784,15.018,"Blekinge, Sweden",2021-12-31,All,,0
75202,SE,SWE,752,,,Dalarna,Sweden,61.0917,14.6664,"Dalarna, Sweden",2021-12-31,All,,0
75203,SE,SWE,752,,,Gavleborg,Sweden,61.3012,16.1534,"Gavleborg, Sweden",2021-12-31,All,,0
75204,SE,SWE,752,,,Gotland,Sweden,57.4684,18.4867,"Gotland, Sweden",2021-12-31,All,,0
75205,SE,SWE,752,,,Halland,Sweden,56.8967,12.8034,"Halland, Sweden",2021-12-31,All,,0
75206,SE,SWE,752,,,Jamtland Harjedalen,Sweden,63.1712,14.9592,"Jamtland Harjedalen, Sweden",2021-12-31,All,,0
75207,SE,SWE,752,,,Jonkoping,Sweden,57.3708,14.3439,"Jonkoping, Sweden",2021-12-31,All,,0
75208,SE,SWE,752,,,Kalmar,Sweden,57.235,16.1849,"Kalmar, Sweden",2021-12-31,All,,0
75209,SE,SWE,752,,,Kronoberg,Sweden,56.7183,14.4115,"Kronoberg, Sweden",2021-12-31,All,,0
75210,SE,SWE,752,,,Norrbotten,Sweden,66.8309,20.3992,"Norrbotten, Sweden",2021-12-31,All,,0
75211,SE,SWE,752,,,Orebro,Sweden,59.535,15.0066,"Orebro, Sweden",2021-12-31,All,,0
75212,SE,SWE,752,,,Ostergotland,Sweden,58.3454,15.5198,"Ostergotland, Sweden",2021-12-31,All,,0
75213,SE,SWE,752,,,Skane,Sweden,55.9903,13.5958,"Skane, Sweden",2021-12-31,All,,0
75214,SE,SWE,752,,,Sormland,Sweden,59.0336,16.7519,"Sormland, Sweden",2021-12-31,All,,0
75215,SE,SWE,752,,,Stockholm,Sweden,59.6025,18.1384,"Stockholm, Sweden",2021-12-31,All,,0
75216,SE,SWE,752,,,Uppsala,Sweden,60.0092,17.2715,"Uppsala, Sweden",2021-12-31,All,,0
75217,SE,SWE,752,,,Varmland,Sweden,59.7294,13.2354,"Varmland, Sweden",2021-12-31,All,,0
75218,SE,SWE,752,,,Vasterbotten,Sweden,65.3337,16.5162,"Vasterbotten, Sweden",2021-12-31,All,,0
75219,SE,SWE,752,,,Vasternorrland,Sweden,63.4276,17.7292,"Vasternorrland, Sweden",2021-12-31,All,,0
75220,SE,SWE,752,,,Vastmanland,Sweden,59.6714,16.2159,"Vastmanland, Sweden",2021-12-31,All,,0
75221,SE,SWE,752,,,Vastra Gotaland,Sweden,58.2528,13.0596,"Vastra Gotaland, Sweden",2021-12-31,All,,0
756,CH,CHE,756,,,,Switzerland,46.8182,8.2275,Switzerland,2021-12-31,All,13751134,158887
75601,CH,CHE,756,,,Aargau,Switzerland,47.3877,8.2554,"Aargau, Switzerland",2021-12-31,All,1083870,158034
75602,CH,CHE,756,,,Appenzell Ausserrhoden,Switzerland,47.3665,9.3001,"Appenzell Ausserrhoden, Switzerland",2021-12-31,All,83426,150466
75603,CH,CHE,756,,,Appenzell Innerrhoden,Switzerland,47.3162,9.4317,"Appenzell Innerrhoden, Switzerland",2021-12-31,All,21724,134697
75604,CH,CHE,756,,,Basel-Landschaft,Switzerland,47.4418,7.7644,"Basel-Landschaft, Switzerland",2021-12-31,All,468692,161192
75605,CH,CHE,756,,,Basel-Stadt,Switzerland,47.5596,7.5886,"Basel-Stadt, Switzerland",2021-12-31,All,364228,180786
75606,CH,CHE,756,,,Berne,Switzerland,46.948,7.4474,"Berne, Switzerland",2021-12-31,All,1714063,165613
75607,CH,CHE,756,,,Fribourg,Switzerland,46.8065,7.162000000000001,"Fribourg, Switzerland",2021-12-31,All,436422,135626
75608,CH,CHE,756,,,Geneva,Switzerland,46.2044,6.1432,"Geneva, Switzerland",2021-12-31,All,844500,167516
75609,CH,CHE,756,,,Glarus,Switzerland,47.0411,9.0679,"Glarus, Switzerland",2021-12-31,All,58664,144528
75610,CH,CHE,756,,,Grisons,Switzerland,46.657,9.578,"Grisons, Switzerland",2021-12-31,All,330841,166234
75611,CH,CHE,756,,,Jura,Switzerland,47.3444,7.1431,"Jura, Switzerland",2021-12-31,All,108547,147514
75612,CH,CHE,756,,,Lucerne,Switzerland,47.0502,8.3093,"Lucerne, Switzerland",2021-12-31,All,650189,157385
75613,CH,CHE,756,,,Neuchatel,Switzerland,46.99,6.9293,"Neuchatel, Switzerland",2021-12-31,All,271968,154093
75614,CH,CHE,756,,,Nidwalden,Switzerland,46.9267,8.385,"Nidwalden, Switzerland",2021-12-31,All,67051,155617
75615,CH,CHE,756,,,Obwalden,Switzerland,46.8779,8.2512,"Obwalden, Switzerland",2021-12-31,All,53355,140667
75616,CH,CHE,756,,,Schaffhausen,Switzerland,47.6959,8.638,"Schaffhausen, Switzerland",2021-12-31,All,140102,170134
75617,CH,CHE,756,,,Schwyz,Switzerland,47.0207,8.652999999999999,"Schwyz, Switzerland",2021-12-31,All,216569,134950
75618,CH,CHE,756,,,Solothurn,Switzerland,47.2088,7.5323,"Solothurn, Switzerland",2021-12-31,All,427552,155333
75619,CH,CHE,756,,,St. Gallen,Switzerland,47.4245,9.3767,"St. Gallen, Switzerland",2021-12-31,All,742448,145368
75620,CH,CHE,756,,,Thurgau,Switzerland,47.6038,9.0557,"Thurgau, Switzerland",2021-12-31,All,399798,143016
75621,CH,CHE,756,,,Ticino,Switzerland,46.3317,8.8005,"Ticino, Switzerland",2021-12-31,All,589337,167667
75627,CH,CHE,756,,,Unknown,Switzerland,,,"Unknown, Switzerland",2021-12-31,All,12875,
75622,CH,CHE,756,,,Uri,Switzerland,46.7739,8.6025,"Uri, Switzerland",2021-12-31,All,55857,152186
75623,CH,CHE,756,,,Valais,Switzerland,46.1905,7.5449,"Valais, Switzerland",2021-12-31,All,513031,148478
75624,CH,CHE,756,,,Vaud,Switzerland,46.5613,6.5368,"Vaud, Switzerland",2021-12-31,All,1293202,160626
75625,CH,CHE,756,,,Zug,Switzerland,47.1662,8.5155,"Zug, Switzerland",2021-12-31,All,215284,168662
75626,CH,CHE,756,,,Zurich,Switzerland,47.3769,8.5417,"Zurich, Switzerland",2021-12-31,All,2587539,170124
760,SY,SYR,760,,,,Syria,34.802075,38.99681500000001,Syria,2021-12-31,All,1753522,10019
158,TW,TWN,158,,,,Taiwan*,23.7,121.0,Taiwan*,2021-12-31,All,34493865,144830
762,TJ,TJK,762,,,,Tajikistan,38.861,71.2761,Tajikistan,2021-12-31,All,6287345,65921
834,TZ,TZA,834,,,,Tanzania,-6.369028,34.888822,Tanzania,2021-12-31,All,2431769,4070
764,TH,THA,764,,,,Thailand,15.870032,100.992541,Thailand,2021-12-31,All,103894611,148846
626,TL,TLS,626,,,,Timor-Leste,-8.874217,125.727539,Timor-Leste,2021-12-31,All,1195990,90712
768,TG,TGO,768,,,,Togo,8.6195,0.8248,Togo,2021-12-31,All,2377399,28716
780,TT,TTO,780,,,,Trinidad and Tobago,10.6918,-61.2225,Trinidad and Tobago,2021-12-31,All,1397059,99826
788,TN,TUN,788,,,,Tunisia,33.886917,9.537499,Tunisia,2021-12-31,All,12624239,106816
792,TR,TUR,792,,,,Turkey,38.9637,35.2433,Turkey,2021-12-31,All,131134774,155485
840,US,USA,840,,,,US,40.0,-100.0,US,2021-12-31,All,505377127,153392
84000001,US,USA,840,1,,Alabama,US,32.3182,-86.9023,"Alabama, US",2021-12-31,All,5624234,114705
84000002,US,USA,840,2,,Alaska,US,61.3707,-152.4044,"Alaska, US",2021-12-31,All,1024695,140072
16,AS,ASM,16,60,,American Samoa,US,-14.271,-170.132,"American Samoa, US",2021-12-31,All,75819,136264
84000004,US,USA,840,4,,Arizona,US,33.7298,-111.4312,"Arizona, US",2021-12-31,All,10491351,144137
84000005,US,USA,840,5,,Arkansas,US,34.9697,-92.3731,"Arkansas, US",2021-12-31,All,3800076,125921
84000006,US,USA,840,6,,California,US,36.1162,-119.6816,"California, US",2021-12-31,All,65589033,165996
84000008,US,USA,840,8,,Colorado,US,39.0598,-105.3111,"Colorado, US",2021-12-31,All,9536202,165595
84000009,US,USA,840,9,,Connecticut,US,41.5978,-72.7554,"Connecticut, US",2021-12-31,All,6638228,186190
84000010,US,USA,840,10,,Delaware,US,39.3185,-75.5071,"Delaware, US",2021-12-31,All,1582493,162512
84000011,US,USA,840,11,,District of Columbia,US,38.8974,-77.0268,"District of Columbia, US",2021-12-31,All,1478441,209485
84000012,US,USA,840,12,,Florida,US,27.7663,-81.6868,"Florida, US",2021-12-31,All,33644593,156648
84000013,US,USA,840,13,,Georgia,US,33.0406,-83.6431,"Georgia, US",2021-12-31,All,13331712,125564
316,GU,GUM,316,66,,Guam,US,13.4443,144.7937,"Guam, US",2021-12-31,All,292986,178400
84000015,US,USA,840,15,,Hawaii,US,21.0943,-157.4983,"Hawaii, US",2021-12-31,All,2529980,178687
84000016,US,USA,840,16,,Idaho,US,44.2405,-114.4788,"Idaho, US",2021-12-31,All,2146096,120090
84000017,US,USA,840,17,,Illinois,US,40.3495,-88.9861,"Illinois, US",2021-12-31,All,19742882,155801
84000018,US,USA,840,18,,Indiana,US,39.8494,-86.2583,"Indiana, US",2021-12-31,All,8543165,126899
84000019,US,USA,840,19,,Iowa,US,42.0115,-93.2105,"Iowa, US",2021-12-31,All,4624085,146560
84000020,US,USA,840,20,,Kansas,US,38.5266,-96.7265,"Kansas, US",2021-12-31,All,4073766,139832
84000021,US,USA,840,21,,Kentucky,US,37.6681,-84.6701,"Kentucky, US",2021-12-31,All,5888090,131793
84000022,US,USA,840,22,,Louisiana,US,31.1695,-91.8678,"Louisiana, US",2021-12-31,All,5633478,121181
84000023,US,USA,840,23,,Maine,US,44.6939,-69.3819,"Maine, US",2021-12-31,All,2508118,186586
84000024,US,USA,840,24,,Maryland,US,39.0639,-76.8021,"Maryland, US",2021-12-31,All,10434341,172591
84000025,US,USA,840,25,,Massachusetts,US,42.2302,-71.5301,"Massachusetts, US",2021-12-31,All,12981917,188348
84000026,US,USA,840,26,,Michigan,US,43.3266,-84.5361,"Michigan, US",2021-12-31,All,13979476,139978
84000027,US,USA,840,27,,Minnesota,US,45.6945,-93.9002,"Minnesota, US",2021-12-31,All,9135876,161994
84000028,US,USA,840,28,,Mississippi,US,32.7416,-89.6787,"Mississippi, US",2021-12-31,All,3466786,116485
84000029,US,USA,840,29,,Missouri,US,38.4561,-92.2884,"Missouri, US",2021-12-31,All,8088236,131785
84000030,US,USA,840,30,,Montana,US,46.9219,-110.4544,"Montana, US",2021-12-31,All,1444058,135113
84000031,US,USA,840,31,,Nebraska,US,41.1254,-98.2681,"Nebraska, US",2021-12-31,All,2856869,147686
84000032,US,USA,840,32,,Nevada,US,38.3135,-117.0554,"Nevada, US",2021-12-31,All,4314411,140071
84000033,US,USA,840,33,,New Hampshire,US,43.4525,-71.5639,"New Hampshire, US",2021-12-31,All,2387395,175581
84000034,US,USA,840,34,,New Jersey,US,40.2989,-74.521,"New Jersey, US",2021-12-31,All,14946060,168269
84000035,US,USA,840,35,,New Mexico,US,34.8405,-106.2485,"New Mexico, US",2021-12-31,All,3441533,164130
84000036,US,USA,840,36,,New York,US,42.1657,-74.9481,"New York, US",2021-12-31,All,34256514,176093
84000037,US,USA,840,37,,North Carolina,US,35.6301,-79.8064,"North Carolina, US",2021-12-31,All,14910025,142161
84000038,US,USA,840,38,,North Dakota,US,47.5289,-99.784,"North Dakota, US",2021-12-31,All,1013290,132966
580,MP,MNP,580,69,,Northern Mariana Islands,US,15.0979,145.6739,"Northern Mariana Islands, US",2021-12-31,All,97751,177264
84000039,US,USA,840,39,,Ohio,US,40.3888,-82.7649,"Ohio, US",2021-12-31,All,15926401,136250
84000040,US,USA,840,40,,Oklahoma,US,35.5653,-96.9289,"Oklahoma, US",2021-12-31,All,5308000,134143
84000041,US,USA,840,41,,Oregon,US,44.572,-122.0709,"Oregon, US",2021-12-31,All,6831952,161981
84000042,US,USA,840,42,,Pennsylvania,US,40.5908,-77.2098,"Pennsylvania, US",2021-12-31,All,20120946,157170
630,PR,PRI,630,72,,Puerto Rico,US,18.2208,-66.5901,"Puerto Rico, US",2021-12-31,All,5916216,185246
84000044,US,USA,840,44,,Rhode Island,US,41.6809,-71.5118,"Rhode Island, US",2021-12-31,All,1970077,185968
84000045,US,USA,840,45,,South Carolina,US,33.8569,-80.945,"South Carolina, US",2021-12-31,All,6713342,130388
84000046,US,USA,840,46,,South Dakota,US,44.2998,-99.4388,"South Dakota, US",2021-12-31,All,1261116,142553
84000047,US,USA,840,47,,Tennessee,US,35.7478,-86.6923,"Tennessee, US",2021-12-31,All,8922799,130657
84000048,US,USA,840,48,,Texas,US,31.0545,-97.5635,"Texas, US",2021-12-31,All,40612073,140061
84000049,US,USA,840,49,,Utah,US,40.15,-111.8624,"Utah, US",2021-12-31,All,4541293,141651
84000050,US,USA,840,50,,Vermont,US,44.0459,-72.7107,"Vermont, US",2021-12-31,All,1249496,200243
850,VI,VIR,850,78,,Virgin Islands,US,18.3358,-64.8963,"Virgin Islands, US",2021-12-31,All,129938,121133
84000051,US,USA,840,51,,Virginia,US,37.7693,-78.17,"Virginia, US",2021-12-31,All,14449479,169286
84000053,US,USA,840,53,,Washington,US,47.4009,-121.4905,"Washington, US",2021-12-31,All,12580215,165205
84000054,US,USA,840,54,,West Virginia,US,38.4912,-80.9545,"West Virginia, US",2021-12-31,All,2490508,138967
84000055,US,USA,840,55,,Wisconsin,US,44.2685,-89.6165,"Wisconsin, US",2021-12-31,All,9114543,156541
84000056,US,USA,840,56,,Wyoming,US,42.756,-107.3025,"Wyoming, US",2021-12-31,All,684672,118300
800,UG,UGA,800,,,,Uganda,1.373333,32.290275,Uganda,2021-12-31,All,11377067,24872
804,UA,UKR,804,,,,Ukraine,48.3794,31.1656,Ukraine,2021-12-31,All,28405399,64950
80401,UA,UKR,804,,,Cherkasy Oblast,Ukraine,49.4444,32.0598,"Cherkasy Oblast, Ukraine",2021-12-31,All,937987,77754
80402,UA,UKR,804,,,Chernihiv Oblast,Ukraine,51.4982,31.2893,"Chernihiv Oblast, Ukraine",2021-12-31,All,748022,74374
80403,UA,UKR,804,,,Chernivtsi Oblast,Ukraine,48.2917,25.9352,"Chernivtsi Oblast, Ukraine",2021-12-31,All,528531,58441
80405,UA,UKR,804,,,Dnipropetrovsk Oblast,Ukraine,48.4647,35.0462,"Dnipropetrovsk Oblast, Ukraine",2021-12-31,All,2599227,81061
80406,UA,UKR,804,,,Donetsk Oblast,Ukraine,48.0159,37.8028,"Donetsk Oblast, Ukraine",2021-12-31,All,1169464,28072
80407,UA,UKR,804,,,Ivano-Frankivsk Oblast,Ukraine,48.9226,24.7111,"Ivano-Frankivsk Oblast, Ukraine",2021-12-31,All,788953,57451
80408,UA,UKR,804,,,Kharkiv Oblast,Ukraine,49.9935,36.2304,"Kharkiv Oblast, Ukraine",2021-12-31,All,1995645,74586
80409,UA,UKR,804,,,Kherson Oblast,Ukraine,46.6354,32.6169,"Kherson Oblast, Ukraine",2021-12-31,All,712002,68617
80410,UA,UKR,804,,,Khmelnytskyi Oblast,Ukraine,49.423,26.9871,"Khmelnytskyi Oblast, Ukraine",2021-12-31,All,851049,67292
80411,UA,UKR,804,,,Kiev,Ukraine,50.4501,30.5234,"Kiev, Ukraine",2021-12-31,All,3438444,116525
80412,UA,UKR,804,,,Kiev Oblast,Ukraine,50.053,30.7667,"Kiev Oblast, Ukraine",2021-12-31,All,1633336,92386
80413,UA,UKR,804,,,Kirovohrad Oblast,Ukraine,48.5079,32.2623,"Kirovohrad Oblast, Ukraine",2021-12-31,All,595351,62963
80414,UA,UKR,804,,,Luhansk Oblast,Ukraine,48.574,39.3078,"Luhansk Oblast, Ukraine",2021-12-31,All,510674,23732
80415,UA,UKR,804,,,Lviv Oblast,Ukraine,49.8397,24.0297,"Lviv Oblast, Ukraine",2021-12-31,All,1871236,74195
80416,UA,UKR,804,,,Mykolaiv Oblast,Ukraine,46.975,31.9946,"Mykolaiv Oblast, Ukraine",2021-12-31,All,781754,30997
80417,UA,UKR,804,,,Odessa Oblast,Ukraine,46.4846,30.7326,"Odessa Oblast, Ukraine",2021-12-31,All,1544961,64905
80418,UA,UKR,804,,,Poltava Oblast,Ukraine,49.5883,34.5514,"Poltava Oblast, Ukraine",2021-12-31,All,1184069,84549
80419,UA,UKR,804,,,Rivne Oblast,Ukraine,50.6199,26.2516,"Rivne Oblast, Ukraine",2021-12-31,All,737241,63703
80421,UA,UKR,804,,,Sumy Oblast,Ukraine,50.9077,34.7981,"Sumy Oblast, Ukraine",2021-12-31,All,829009,76659
80422,UA,UKR,804,,,Ternopil Oblast,Ukraine,49.5535,25.5948,"Ternopil Oblast, Ukraine",2021-12-31,All,675905,64625
80423,UA,UKR,804,,,Vinnytsia Oblast,Ukraine,49.2331,28.4682,"Vinnytsia Oblast, Ukraine",2021-12-31,All,1095919,70233
80424,UA,UKR,804,,,Volyn Oblast,Ukraine,50.7472,25.3254,"Volyn Oblast, Ukraine",2021-12-31,All,614679,59370
80425,UA,UKR,804,,,Zakarpattia Oblast,Ukraine,48.6208,22.2879,"Zakarpattia Oblast, Ukraine",2021-12-31,All,587928,46779
80426,UA,UKR,804,,,Zaporizhia Oblast,Ukraine,47.8388,35.1396,"Zaporizhia Oblast, Ukraine",2021-12-31,All,1114280,65321
80427,UA,UKR,804,,,Zhytomyr Oblast,Ukraine,50.2547,28.6587,"Zhytomyr Oblast, Ukraine",2021-12-31,All,859733,70458
784,AE,ARE,784,,,,United Arab Emirates,23.424076,53.847818,United Arab Emirates,2021-12-31,All,22609701,228602
826,GB,GBR,826,,,,United Kingdom,55.3781,-3.4360000000000004,United Kingdom,2021-12-31,All,133598939,196798
660,AI,AIA,660,,,Anguilla,United Kingdom,18.2206,-63.0686,"Anguilla, United Kingdom",2021-12-31,All,20284,135208
60,BM,BMU,60,,,Bermuda,United Kingdom,32.3078,-64.7505,"Bermuda, United Kingdom",2021-12-31,All,112695,180969
92,VG,VGB,92,,,British Virgin Islands,United Kingdom,18.4207,-64.64,"British Virgin Islands, United Kingdom",2021-12-31,All,35799,118394
136,KY,CYM,136,,,Cayman Islands,United Kingdom,19.3133,-81.2546,"Cayman Islands, United Kingdom",2021-12-31,All,130608,198734
8261,GB,GBR,826,,,Channel Islands,United Kingdom,49.3723,-2.3644,"Channel Islands, United Kingdom",2021-12-31,All,308848,181143
82601,GB,GBR,826,,,England,United Kingdom,52.3555,-1.1743,"England, United Kingdom",2021-12-31,All,111353368,198926
238,FK,FLK,238,,,Falkland Islands (Malvinas),United Kingdom,-51.7963,-59.5236,"Falkland Islands (Malvinas), United Kingdom",2021-12-31,All,4407,126528
292,GI,GIB,292,,,Gibraltar,United Kingdom,36.1408,-5.3536,"Gibraltar, United Kingdom",2021-12-31,All,108149,321002
833,IM,IMN,833,,,Isle of Man,United Kingdom,54.2361,-4.5481,"Isle of Man, United Kingdom",2021-12-31,All,177623,208889
500,MS,MSR,500,,,Montserrat,United Kingdom,16.742498,-62.187366,"Montserrat, United Kingdom",2021-12-31,All,3020,60412
82602,GB,GBR,826,,,Northern Ireland,United Kingdom,54.7877,-6.4923,"Northern Ireland, United Kingdom",2021-12-31,All,3504889,186271
654,SH,SHN,654,,,"Saint Helena, Ascension and Tristan da Cunha",United Kingdom,-7.9467,-14.3559,"Saint Helena, Ascension and Tristan da Cunha, United Kingdom",2021-12-31,All,7892,139410
82603,GB,GBR,826,,,Scotland,United Kingdom,56.4907,-4.2026,"Scotland, United Kingdom",2021-12-31,All,11338693,207542
796,TC,TCA,796,,,Turks and Caicos Islands,United Kingdom,21.694000000000006,-71.7979,"Turks and Caicos Islands, United Kingdom",2021-12-31,All,56343,145521
82604,GB,GBR,826,,,Wales,United Kingdom,52.1307,-3.7837,"Wales, United Kingdom",2021-12-31,All,6436321,205069
858,UY,URY,858,,,,Uruguay,-32.5228,-55.7658,Uruguay,2021-12-31,All,6963519,200462
860,UZ,UZB,860,,,,Uzbekistan,41.377491,64.585262,Uzbekistan,2021-12-31,All,38864733,116120
548,VU,VUT,548,,,,Vanuatu,-15.3767,166.9592,Vanuatu,2021-12-31,All,152711,52176
862,VE,VEN,862,,,,Venezuela,6.4238,-66.5897,Venezuela,2021-12-31,All,30049714,105675
704,VN,VNM,704,,,,Vietnam,14.058324,108.277199,Vietnam,2021-12-31,All,148198862,152250
275,PS,PSE,275,,,,West Bank and Gaza,31.9522,35.2332,West Bank and Gaza,2021-12-31,All,3315774,64997
887,YE,YEM,887,,,,Yemen,15.552727,48.516388,Yemen,2021-12-31,All,786027,2635
894,ZM,ZMB,894,,,,Zambia,-13.133897,27.849332,Zambia,2021-12-31,All,1669400,9080
716,ZW,ZWE,716,,,,Zimbabwe,-19.015438,29.154857,Zimbabwe,2021-12-31,All,7222341,48592
